Trial,Strategy,PF,WR,Sharpe,Score,Params
0,CAPITULATION,0.76,17.32,0.331,2.343,"{'strategy_type': 'CAPITULATION', 'b_lower': 0.015601864044243652, 'b_upper': 0.9155994520336203, 'b_trigger_l': 0.05871254182522992, 'b_trigger_s': 0.9299264218662402, 'vol_mult': 2.2421185223120967, 'atr_mult': 2.4453378978124864, 'sl_atr': 0.6, 'tp_atr': 7.8, 'max_bars_hold': 85}"
4,CAPITULATION,24.98,69.16,-1.196,78.66,"{'strategy_type': 'CAPITULATION', 'b_lower': 0.05426960831582485, 'b_upper': 0.9140924224974762, 'b_trigger_l': 0.17032954711310597, 'b_trigger_s': 0.8111825965519657, 'vol_mult': 2.975085179540983, 'atr_mult': 2.567265061663649, 'sl_atr': 1.6, 'tp_atr': 0.5, 'max_bars_hold': 84}"
10,CAPITULATION,25.3,76.16,-0.622,80.894,"{'strategy_type': 'CAPITULATION', 'b_lower': 0.08194271515534342, 'b_upper': 0.9853472103769234, 'b_trigger_l': 0.19227895368680983, 'b_trigger_s': 0.802185051175093, 'vol_mult': 2.824563111036784, 'atr_mult': 2.9350198389394695, 'sl_atr': 5.3, 'tp_atr': 0.7, 'max_bars_hold': 100}"
11,CAPITULATION,26.01,74.91,3.806,87.327,"{'strategy_type': 'CAPITULATION', 'b_lower': 0.0869788751966085, 'b_upper': 0.9951373962945264, 'b_trigger_l': 0.1986098025048923, 'b_trigger_s': 0.8025498864876442, 'vol_mult': 2.9376680169795044, 'atr_mult': 2.9899144920409575, 'sl_atr': 6.0, 'tp_atr': 0.5, 'max_bars_hold': 98}"
12,CAPITULATION,27.08,78.39,8.376,95.455,"{'strategy_type': 'CAPITULATION', 'b_lower': 0.0998625872440838, 'b_upper': 0.9996749567144488, 'b_trigger_l': 0.1935634318062949, 'b_trigger_s': 0.8040970131478699, 'vol_mult': 2.989390299603341, 'atr_mult': 2.984872307837108, 'sl_atr': 6.0, 'tp_atr': 0.8, 'max_bars_hold': 100}"
13,MACD_REV,25.24,85.0,-1.104,81.116,"{'strategy_type': 'MACD_REV', 'chop_thresh': 69.0436573895216, 'sweep_lookback': 24, 'sl_atr': 4.9, 'tp_atr': 1.8, 'max_bars_hold': 100}"
15,CAPITULATION,26.7,69.84,64.632,149.716,"{'strategy_type': 'CAPITULATION', 'b_lower': 0.0969269852048718, 'b_upper': 0.9662517098483601, 'b_trigger_l': 0.1455095145026645, 'b_trigger_s': 0.8632689992670354, 'vol_mult': 2.4877463993807893, 'atr_mult': 2.9986805561809504, 'sl_atr': 5.9, 'tp_atr': 1.6, 'max_bars_hold': 85}"
17,CAPITULATION,0.73,53.03,0.526,6.019,"{'strategy_type': 'CAPITULATION', 'b_lower': 0.05996408444196241, 'b_upper': 0.9585968225569007, 'b_trigger_l': 0.1344252849706363, 'b_trigger_s': 0.8870841716654112, 'vol_mult': 2.308575883023455, 'atr_mult': 1.816953887559684, 'sl_atr': 4.0, 'tp_atr': 3.0, 'max_bars_hold': 66}"
18,CAPITULATION,1.05,71.92,38.909,47.251,"{'strategy_type': 'CAPITULATION', 'b_lower': 0.09652325178791947, 'b_upper': 0.9601535946021974, 'b_trigger_l': 0.13611399442299596, 'b_trigger_s': 0.8724880696346171, 'vol_mult': 2.5176627886319083, 'atr_mult': 2.478531636088208, 'sl_atr': 5.4, 'tp_atr': 1.4, 'max_bars_hold': 77}"
19,CAPITULATION,1.24,54.36,2.455,9.611,"{'strategy_type': 'CAPITULATION', 'b_lower': 0.0717627398040756, 'b_upper': 0.9728643164951444, 'b_trigger_l': 0.09542834716268755, 'b_trigger_s': 0.8482106733377528, 'vol_mult': 1.6671557934698205, 'atr_mult': 2.998657271401685, 'sl_atr': 6.0, 'tp_atr': 2.5, 'max_bars_hold': 57}"
21,CAPITULATION,27.37,76.62,15.979,103.751,"{'strategy_type': 'CAPITULATION', 'b_lower': 0.09714888904410147, 'b_upper': 0.9986736263660757, 'b_trigger_l': 0.16382546286314706, 'b_trigger_s': 0.8247033350781601, 'vol_mult': 2.766631411170618, 'atr_mult': 2.985583542411926, 'sl_atr': 6.0, 'tp_atr': 0.6, 'max_bars_hold': 96}"
22,CAPITULATION,3.16,68.81,62.936,77.297,"{'strategy_type': 'CAPITULATION', 'b_lower': 0.09696048638251105, 'b_upper': 0.9393455610057369, 'b_trigger_l': 0.15846110546333778, 'b_trigger_s': 0.8368426348087624, 'vol_mult': 2.603578880787791, 'atr_mult': 2.7383932979107284, 'sl_atr': 4.8, 'tp_atr': 1.5, 'max_bars_hold': 92}"
23,CAPITULATION,0.79,76.3,12.796,20.796,"{'strategy_type': 'CAPITULATION', 'b_lower': 0.027357227878644873, 'b_upper': 0.977837531992045, 'b_trigger_l': 0.1644516348698513, 'b_trigger_s': 0.8286170420850935, 'vol_mult': 2.6313224153498727, 'atr_mult': 2.0918689296454405, 'sl_atr': 5.6, 'tp_atr': 1.1, 'max_bars_hold': 74}"
24,CAPITULATION,1.38,61.55,19.218,27.513,"{'strategy_type': 'CAPITULATION', 'b_lower': 0.07400053603518253, 'b_upper': 0.9399181755372137, 'b_trigger_l': 0.15743495962996418, 'b_trigger_s': 0.8685299323816347, 'vol_mult': 1.840858712808904, 'atr_mult': 2.753368049532245, 'sl_atr': 6.0, 'tp_atr': 2.4, 'max_bars_hold': 93}"
26,CAPITULATION,0.78,67.88,25.491,32.619,"{'strategy_type': 'CAPITULATION', 'b_lower': 0.09909776637868203, 'b_upper': 0.9838516657897641, 'b_trigger_l': 0.17738548816561767, 'b_trigger_s': 0.8227629250480343, 'vol_mult': 2.3528744797119714, 'atr_mult': 2.6694953909606043, 'sl_atr': 4.7, 'tp_atr': 1.0, 'max_bars_hold': 93}"
27,CAPITULATION,26.27,72.03,-0.042,83.971,"{'strategy_type': 'CAPITULATION', 'b_lower': 0.06633076644963844, 'b_upper': 0.9646802093158852, 'b_trigger_l': 0.14459509901432685, 'b_trigger_s': 0.8539716450651711, 'vol_mult': 2.9518093095403906, 'atr_mult': 2.783290219570066, 'sl_atr': 5.5, 'tp_atr': 2.2, 'max_bars_hold': 81}"
30,RSI_ADX_CHOP,1.34,56.78,0.689,8.387,"{'strategy_type': 'RSI_ADX_CHOP', 'adx_min': 19.779154344526766, 'adx_max': 20.086738052818138, 'chop_max': 50.83705048203686, 'rsi_os': 20.658070439766266, 'rsi_ob': 61.83605840495946, 'sl_atr': 4.1, 'tp_atr': 5.9, 'max_bars_hold': 87}"
31,CAPITULATION,25.09,71.16,-0.955,79.431,"{'strategy_type': 'CAPITULATION', 'b_lower': 0.08489336927146642, 'b_upper': 0.9943323478502866, 'b_trigger_l': 0.19005591316778825, 'b_trigger_s': 0.8004915796891905, 'vol_mult': 2.995465346088207, 'atr_mult': 2.9197453958225497, 'sl_atr': 5.9, 'tp_atr': 0.5, 'max_bars_hold': 100}"
32,CAPITULATION,29.29,81.67,43.768,137.805,"{'strategy_type': 'CAPITULATION', 'b_lower': 0.08746170610744038, 'b_upper': 0.9908110172149914, 'b_trigger_l': 0.19967602789021754, 'b_trigger_s': 0.8147781537097254, 'vol_mult': 2.6776647536370963, 'atr_mult': 2.9914358116962214, 'sl_atr': 5.7, 'tp_atr': 1.1, 'max_bars_hold': 96}"
33,CAPITULATION,25.65,63.17,1.722,82.989,"{'strategy_type': 'CAPITULATION', 'b_lower': 0.08953820720665835, 'b_upper': 0.9891852294770375, 'b_trigger_l': 0.18234548611216783, 'b_trigger_s': 0.8224972198556135, 'vol_mult': 2.7436044870154856, 'atr_mult': 2.8137841441044245, 'sl_atr': 5.6, 'tp_atr': 8.0, 'max_bars_hold': 95}"
34,CAPITULATION,0.83,74.08,0.268,8.166,"{'strategy_type': 'CAPITULATION', 'b_lower': 0.09913863073940843, 'b_upper': 0.9730489079012153, 'b_trigger_l': 0.11330249834540176, 'b_trigger_s': 0.892658162367016, 'vol_mult': 2.457565690203186, 'atr_mult': 2.3503236694038456, 'sl_atr': 5.2, 'tp_atr': 1.2, 'max_bars_hold': 85}"
35,CAPITULATION,31.73,81.25,37.992,139.307,"{'strategy_type': 'CAPITULATION', 'b_lower': 0.07723871053427962, 'b_upper': 0.9906480169524001, 'b_trigger_l': 0.15076270274786238, 'b_trigger_s': 0.85500153409782, 'vol_mult': 2.788964049846629, 'atr_mult': 2.9992449259982332, 'sl_atr': 5.8, 'tp_atr': 1.0, 'max_bars_hold': 95}"
37,CAPITULATION,3.58,55.73,83.648,97.961,"{'strategy_type': 'CAPITULATION', 'b_lower': 0.07616689418188434, 'b_upper': 0.9491496552866727, 'b_trigger_l': 0.15195501838397668, 'b_trigger_s': 0.8634205953059131, 'vol_mult': 2.7531311689710556, 'atr_mult': 2.5687924841472407, 'sl_atr': 5.5, 'tp_atr': 2.7, 'max_bars_hold': 73}"
40,CAPITULATION,1.38,53.22,6.253,13.715,"{'strategy_type': 'CAPITULATION', 'b_lower': 0.04148027017261387, 'b_upper': 0.9727411577869274, 'b_trigger_l': 0.12359780289513617, 'b_trigger_s': 0.855417053024629, 'vol_mult': 2.4651712294139516, 'atr_mult': 2.83025066438163, 'sl_atr': 5.7, 'tp_atr': 5.1, 'max_bars_hold': 47}"
41,CAPITULATION,3.2,58.03,83.619,97.022,"{'strategy_type': 'CAPITULATION', 'b_lower': 0.0738990200879018, 'b_upper': 0.9492263895554642, 'b_trigger_l': 0.14810445091715735, 'b_trigger_s': 0.8616597987109854, 'vol_mult': 2.7784844779665785, 'atr_mult': 2.6315055364230204, 'sl_atr': 5.7, 'tp_atr': 2.7, 'max_bars_hold': 73}"
42,CAPITULATION,5.17,60.79,63.021,82.61,"{'strategy_type': 'CAPITULATION', 'b_lower': 0.07852988281008894, 'b_upper': 0.9490094277967985, 'b_trigger_l': 0.1484779617130619, 'b_trigger_s': 0.8885384716984976, 'vol_mult': 2.774212361117134, 'atr_mult': 2.8494842458313627, 'sl_atr': 5.4, 'tp_atr': 2.1, 'max_bars_hold': 95}"
43,CAPITULATION,3.68,76.19,23.219,39.878,"{'strategy_type': 'CAPITULATION', 'b_lower': 0.09052384506292568, 'b_upper': 0.9356110742948057, 'b_trigger_l': 0.1568082645537805, 'b_trigger_s': 0.8379898265138243, 'vol_mult': 2.5652288324656762, 'atr_mult': 2.6438681990850705, 'sl_atr': 5.7, 'tp_atr': 0.9, 'max_bars_hold': 64}"
44,CAPITULATION,25.95,67.86,99.34,181.976,"{'strategy_type': 'CAPITULATION', 'b_lower': 0.06434484259006326, 'b_upper': 0.9887638132655391, 'b_trigger_l': 0.13648321957820658, 'b_trigger_s': 0.8779867773217955, 'vol_mult': 2.8093274278933777, 'atr_mult': 2.8705010930826758, 'sl_atr': 4.6, 'tp_atr': 3.1, 'max_bars_hold': 83}"
46,CAPITULATION,27.64,73.59,100.33,188.609,"{'strategy_type': 'CAPITULATION', 'b_lower': 0.06361260909610852, 'b_upper': 0.991297818624652, 'b_trigger_l': 0.13465353944885491, 'b_trigger_s': 0.8947203290003053, 'vol_mult': 2.8356640802282405, 'atr_mult': 2.9984593619759643, 'sl_atr': 5.2, 'tp_atr': 3.1, 'max_bars_hold': 84}"
48,CAPITULATION,3.24,66.22,99.662,114.004,"{'strategy_type': 'CAPITULATION', 'b_lower': 0.0643417419452389, 'b_upper': 0.9886764208147257, 'b_trigger_l': 0.13058269164780933, 'b_trigger_s': 0.9040555921789286, 'vol_mult': 2.6237700299963453, 'atr_mult': 2.8592645680227213, 'sl_atr': 4.3, 'tp_atr': 3.1, 'max_bars_hold': 77}"
50,CAPITULATION,1.38,54.97,2.077,9.714,"{'strategy_type': 'CAPITULATION', 'b_lower': 0.06591209233774267, 'b_upper': 0.990897519374464, 'b_trigger_l': 0.09738945493020101, 'b_trigger_s': 0.9364686182405525, 'vol_mult': 2.2114746113237733, 'atr_mult': 2.835595730719197, 'sl_atr': 4.9, 'tp_atr': 4.4, 'max_bars_hold': 70}"
51,CAPITULATION,3.34,65.77,96.227,110.824,"{'strategy_type': 'CAPITULATION', 'b_lower': 0.05694884863042798, 'b_upper': 0.9810625614334936, 'b_trigger_l': 0.13177476836498828, 'b_trigger_s': 0.9076735381936717, 'vol_mult': 2.616063537814032, 'atr_mult': 2.8588203500626435, 'sl_atr': 4.4, 'tp_atr': 3.0, 'max_bars_hold': 78}"
52,CAPITULATION,27.81,75.15,2.277,91.222,"{'strategy_type': 'CAPITULATION', 'b_lower': 0.06517103791824869, 'b_upper': 0.9909096039490275, 'b_trigger_l': 0.12294278803512769, 'b_trigger_s': 0.9007128558717533, 'vol_mult': 2.847064079991379, 'atr_mult': 2.998362118453241, 'sl_atr': 5.3, 'tp_atr': 3.1, 'max_bars_hold': 90}"
53,CAPITULATION,1.09,63.35,1.399,9.004,"{'strategy_type': 'CAPITULATION', 'b_lower': 0.05105350116091892, 'b_upper': 0.9787313574000702, 'b_trigger_l': 0.06322206407698269, 'b_trigger_s': 0.8791535305200594, 'vol_mult': 2.6719006324676395, 'atr_mult': 2.73672448842518, 'sl_atr': 4.3, 'tp_atr': 1.7, 'max_bars_hold': 84}"
54,CAPITULATION,1.76,64.79,0.52,10.279,"{'strategy_type': 'CAPITULATION', 'b_lower': 0.04502001890889491, 'b_upper': 0.9872444861847258, 'b_trigger_l': 0.13877334614677161, 'b_trigger_s': 0.9214081560175508, 'vol_mult': 2.8762198609121654, 'atr_mult': 2.85169459256714, 'sl_atr': 4.7, 'tp_atr': 2.4, 'max_bars_hold': 77}"
55,CAPITULATION,2.48,68.7,1.717,14.027,"{'strategy_type': 'CAPITULATION', 'b_lower': 0.06040482060982529, 'b_upper': 0.9055833385490137, 'b_trigger_l': 0.11490156203063011, 'b_trigger_s': 0.8805170495167866, 'vol_mult': 2.4052713113591686, 'atr_mult': 2.880938543862397, 'sl_atr': 5.8, 'tp_atr': 3.4, 'max_bars_hold': 92}"
56,CAPITULATION,3.69,69.48,1.62,17.638,"{'strategy_type': 'CAPITULATION', 'b_lower': 0.06934696900249333, 'b_upper': 0.9921279757651061, 'b_trigger_l': 0.12657332723791737, 'b_trigger_s': 0.8984703800859888, 'vol_mult': 2.8900451534229186, 'atr_mult': 2.4896283548920466, 'sl_atr': 4.9, 'tp_atr': 1.3, 'max_bars_hold': 50}"
57,CAPITULATION,25.86,70.68,122.112,204.76,"{'strategy_type': 'CAPITULATION', 'b_lower': 0.07884395738895555, 'b_upper': 0.967576330374906, 'b_trigger_l': 0.14183509093455093, 'b_trigger_s': 0.9108167482313677, 'vol_mult': 2.168481897282777, 'atr_mult': 2.919151069862411, 'sl_atr': 4.0, 'tp_atr': 3.7, 'max_bars_hold': 82}"
60,CAPITULATION,25.75,67.31,3.662,85.643,"{'strategy_type': 'CAPITULATION', 'b_lower': 0.004262195202699451, 'b_upper': 0.9652608742220068, 'b_trigger_l': 0.13967149217238642, 'b_trigger_s': 0.8828858706305379, 'vol_mult': 2.1664078626324117, 'atr_mult': 2.91788064988534, 'sl_atr': 5.4, 'tp_atr': 4.8, 'max_bars_hold': 85}"
61,CAPITULATION,3.63,65.86,4.786,20.262,"{'strategy_type': 'CAPITULATION', 'b_lower': 0.07996639249729437, 'b_upper': 0.986189086074959, 'b_trigger_l': 0.1425220725479698, 'b_trigger_s': 0.9039818118131364, 'vol_mult': 1.8170997916804885, 'atr_mult': 2.915490431587736, 'sl_atr': 3.4, 'tp_atr': 3.2, 'max_bars_hold': 75}"
62,CAPITULATION,3.6,67.47,89.235,104.782,"{'strategy_type': 'CAPITULATION', 'b_lower': 0.08926925096984459, 'b_upper': 0.9756366396152212, 'b_trigger_l': 0.12944714909310898, 'b_trigger_s': 0.9196311771513315, 'vol_mult': 2.539725982440728, 'atr_mult': 2.9933588959208213, 'sl_atr': 4.2, 'tp_atr': 2.8, 'max_bars_hold': 70}"
63,CAPITULATION,1.8,62.58,52.254,61.912,"{'strategy_type': 'CAPITULATION', 'b_lower': 0.061690156273113174, 'b_upper': 0.9935086033142907, 'b_trigger_l': 0.11810979927835019, 'b_trigger_s': 0.9490344302990354, 'vol_mult': 2.656361341507179, 'atr_mult': 2.7122526641776643, 'sl_atr': 4.5, 'tp_atr': 3.6, 'max_bars_hold': 91}"
64,CAPITULATION,0.68,59.68,-0.997,5.011,"{'strategy_type': 'CAPITULATION', 'b_lower': 0.08222087385730091, 'b_upper': 0.9810210510359445, 'b_trigger_l': 0.1346286960220472, 'b_trigger_s': 0.8725098415032189, 'vol_mult': 2.847502888386511, 'atr_mult': 1.6466943385484543, 'sl_atr': 3.1, 'tp_atr': 2.0, 'max_bars_hold': 81}"
66,CAPITULATION,1.06,53.13,0.71,7.203,"{'strategy_type': 'CAPITULATION', 'b_lower': 0.09279319402078225, 'b_upper': 0.9954977646184745, 'b_trigger_l': 0.10651114556812459, 'b_trigger_s': 0.9118067217762282, 'vol_mult': 1.1988173409841805, 'atr_mult': 2.9414584026835593, 'sl_atr': 5.1, 'tp_atr': 2.3, 'max_bars_hold': 27}"
68,CAPITULATION,1.35,56.99,0.968,8.717,"{'strategy_type': 'CAPITULATION', 'b_lower': 0.0705854295526587, 'b_upper': 0.9573977244564503, 'b_trigger_l': 0.08294199896595907, 'b_trigger_s': 0.9285754700477534, 'vol_mult': 2.277279804297558, 'atr_mult': 2.907816920843379, 'sl_atr': 4.7, 'tp_atr': 1.9, 'max_bars_hold': 98}"
69,CAPITULATION,29.23,70.66,119.204,211.96,"{'strategy_type': 'CAPITULATION', 'b_lower': 0.07827799197412383, 'b_upper': 0.9837919497174056, 'b_trigger_l': 0.15228067822799343, 'b_trigger_s': 0.8871628335994399, 'vol_mult': 2.685263271973937, 'atr_mult': 2.998764111437579, 'sl_atr': 5.3, 'tp_atr': 3.6, 'max_bars_hold': 89}"
70,CAPITULATION,28.21,76.67,1.88,92.177,"{'strategy_type': 'CAPITULATION', 'b_lower': 0.07764318296377132, 'b_upper': 0.9828274107993379, 'b_trigger_l': 0.1722170425358038, 'b_trigger_s': 0.8095356864556631, 'vol_mult': 2.6897917516268737, 'atr_mult': 2.998565953077159, 'sl_atr': 5.5, 'tp_atr': 2.6, 'max_bars_hold': 88}"
71,CAPITULATION,26.04,65.67,0.826,83.513,"{'strategy_type': 'CAPITULATION', 'b_lower': 0.08633072044317999, 'b_upper': 0.9875658029535509, 'b_trigger_l': 0.15131997584081822, 'b_trigger_s': 0.8886322728819567, 'vol_mult': 2.90090358722192, 'atr_mult': 2.785267792512796, 'sl_atr': 5.9, 'tp_atr': 3.6, 'max_bars_hold': 83}"
72,CAPITULATION,26.18,68.87,136.746,220.173,"{'strategy_type': 'CAPITULATION', 'b_lower': 0.09359074148311873, 'b_upper': 0.9982410638156497, 'b_trigger_l': 0.16556894992998716, 'b_trigger_s': 0.8752181924444219, 'vol_mult': 2.7982596481619204, 'atr_mult': 2.900553586190018, 'sl_atr': 5.3, 'tp_atr': 4.1, 'max_bars_hold': 91}"
73,CAPITULATION,27.3,71.37,136.746,223.783,"{'strategy_type': 'CAPITULATION', 'b_lower': 0.09480903878166587, 'b_upper': 0.9972674085525022, 'b_trigger_l': 0.16263247797634378, 'b_trigger_s': 0.8654853258893794, 'vol_mult': 2.8067989067463563, 'atr_mult': 2.9332420810536575, 'sl_atr': 5.3, 'tp_atr': 4.1, 'max_bars_hold': 91}"
74,CAPITULATION,25.89,67.09,139.547,221.926,"{'strategy_type': 'CAPITULATION', 'b_lower': 0.09486872575681952, 'b_upper': 0.9960215577371286, 'b_trigger_l': 0.16462627272231561, 'b_trigger_s': 0.8694072858256706, 'vol_mult': 2.8243853181796506, 'atr_mult': 2.913614170957499, 'sl_atr': 5.3, 'tp_atr': 4.2, 'max_bars_hold': 91}"
75,CAPITULATION,26.77,70.39,0.585,85.934,"{'strategy_type': 'CAPITULATION', 'b_lower': 0.09487152530637498, 'b_upper': 0.9975453688513612, 'b_trigger_l': 0.1583252247816463, 'b_trigger_s': 0.8665117563249963, 'vol_mult': 2.9473966622497505, 'atr_mult': 2.7445309891491694, 'sl_atr': 5.0, 'tp_atr': 4.1, 'max_bars_hold': 90}"
77,CAPITULATION,27.3,71.37,3.251,90.288,"{'strategy_type': 'CAPITULATION', 'b_lower': 0.09538175229029408, 'b_upper': 0.999315469309333, 'b_trigger_l': 0.16595739561819312, 'b_trigger_s': 0.874631651130889, 'vol_mult': 2.8228406492387106, 'atr_mult': 2.928432707824132, 'sl_atr': 5.3, 'tp_atr': 5.2, 'max_bars_hold': 92}"
78,CAPITULATION,26.37,69.22,-0.03,84.002,"{'strategy_type': 'CAPITULATION', 'b_lower': 0.09227949460474123, 'b_upper': 0.9948946959650962, 'b_trigger_l': 0.1694365891172215, 'b_trigger_s': 0.8696073041506597, 'vol_mult': 2.987065274614388, 'atr_mult': 2.6797749867449276, 'sl_atr': 5.1, 'tp_atr': 4.2, 'max_bars_hold': 80}"
79,CAPITULATION,0.91,39.94,2.783,7.507,"{'strategy_type': 'CAPITULATION', 'b_lower': 0.0848608619270723, 'b_upper': 0.9690606438559237, 'b_trigger_l': 0.16207076177793348, 'b_trigger_s': 0.876998252836893, 'vol_mult': 2.740634076531724, 'atr_mult': 2.3167363351214676, 'sl_atr': 5.5, 'tp_atr': 5.9, 'max_bars_hold': 99}"
81,CAPITULATION,8.9,64.41,117.605,148.746,"{'strategy_type': 'CAPITULATION', 'b_lower': 0.09965631661914257, 'b_upper': 0.9951622944271509, 'b_trigger_l': 0.1548898745565995, 'b_trigger_s': 0.8539119939789601, 'vol_mult': 2.8279743861596534, 'atr_mult': 2.9308342486654793, 'sl_atr': 5.3, 'tp_atr': 3.6, 'max_bars_hold': 94}"
82,CAPITULATION,26.11,69.7,150.234,233.534,"{'strategy_type': 'CAPITULATION', 'b_lower': 0.09996228305952282, 'b_upper': 0.9957293250626825, 'b_trigger_l': 0.17377412180149068, 'b_trigger_s': 0.8474866330150487, 'vol_mult': 2.8316750831440296, 'atr_mult': 2.79889310497373, 'sl_atr': 5.3, 'tp_atr': 4.5, 'max_bars_hold': 89}"
83,CAPITULATION,2.11,66.21,3.626,14.577,"{'strategy_type': 'CAPITULATION', 'b_lower': 0.09381144499164748, 'b_upper': 0.9995129586982292, 'b_trigger_l': 0.17169677518366816, 'b_trigger_s': 0.8471389142208474, 'vol_mult': 1.9832479954428903, 'atr_mult': 2.78294843969303, 'sl_atr': 5.2, 'tp_atr': 4.8, 'max_bars_hold': 88}"
84,CAPITULATION,26.12,67.8,0.431,83.571,"{'strategy_type': 'CAPITULATION', 'b_lower': 0.09645615984874531, 'b_upper': 0.9546393090226728, 'b_trigger_l': 0.18396797010862279, 'b_trigger_s': 0.8611513525666098, 'vol_mult': 2.9212991511262683, 'atr_mult': 2.8048140631185405, 'sl_atr': 4.9, 'tp_atr': 4.6, 'max_bars_hold': 86}"
85,CAPITULATION,26.6,70.19,136.996,221.815,"{'strategy_type': 'CAPITULATION', 'b_lower': 0.08988176528650293, 'b_upper': 0.9963491357328463, 'b_trigger_l': 0.14479208054820167, 'b_trigger_s': 0.8872748024272228, 'vol_mult': 2.7329626781802774, 'atr_mult': 2.903997021310274, 'sl_atr': 5.6, 'tp_atr': 4.1, 'max_bars_hold': 91}"
87,CAPITULATION,0.86,49.69,1.982,7.531,"{'strategy_type': 'CAPITULATION', 'b_lower': 0.08803689715067747, 'b_upper': 0.9961419304243841, 'b_trigger_l': 0.17612472453472064, 'b_trigger_s': 0.8839430835405049, 'vol_mult': 1.3736738917885725, 'atr_mult': 1.906856212490976, 'sl_atr': 5.0, 'tp_atr': 5.4, 'max_bars_hold': 93}"
88,CAPITULATION,2.31,59.02,120.829,131.661,"{'strategy_type': 'CAPITULATION', 'b_lower': 0.08185255408394382, 'b_upper': 0.9929476688664038, 'b_trigger_l': 0.1453533586007834, 'b_trigger_s': 0.8913008746138927, 'vol_mult': 2.725645346121892, 'atr_mult': 2.58137735666669, 'sl_atr': 5.4, 'tp_atr': 3.7, 'max_bars_hold': 90}"
89,CAPITULATION,8.35,54.09,143.468,171.927,"{'strategy_type': 'CAPITULATION', 'b_lower': 0.09124343513953563, 'b_upper': 0.9850246187691223, 'b_trigger_l': 0.16352424672814017, 'b_trigger_s': 0.8974858384434586, 'vol_mult': 2.8124902629771493, 'atr_mult': 2.8968787128959526, 'sl_atr': 5.2, 'tp_atr': 4.3, 'max_bars_hold': 97}"
90,CAPITULATION,3.0,64.28,0.851,14.279,"{'strategy_type': 'CAPITULATION', 'b_lower': 0.08702005524789215, 'b_upper': 0.9972243980349499, 'b_trigger_l': 0.14181515805270378, 'b_trigger_s': 0.884621926818913, 'vol_mult': 2.9027051453646613, 'atr_mult': 2.7791002533601037, 'sl_atr': 4.8, 'tp_atr': 4.9, 'max_bars_hold': 75}"
91,CAPITULATION,57.4,54.09,143.513,319.122,"{'strategy_type': 'CAPITULATION', 'b_lower': 0.09231928645001675, 'b_upper': 0.9837647696695537, 'b_trigger_l': 0.16490501803823243, 'b_trigger_s': 0.8984701362740438, 'vol_mult': 2.8065504761368385, 'atr_mult': 2.888166160505257, 'sl_atr': 5.2, 'tp_atr': 4.3, 'max_bars_hold': 96}"
92,CAPITULATION,26.07,68.27,135.876,218.913,"{'strategy_type': 'CAPITULATION', 'b_lower': 0.09967065919819929, 'b_upper': 0.9869883040733213, 'b_trigger_l': 0.1590784911220799, 'b_trigger_s': 0.8757775560251464, 'vol_mult': 2.775363961586572, 'atr_mult': 2.940818839388881, 'sl_atr': 5.4, 'tp_atr': 4.1, 'max_bars_hold': 92}"
93,CAPITULATION,12.05,57.76,138.297,178.223,"{'strategy_type': 'CAPITULATION', 'b_lower': 0.09851138530528668, 'b_upper': 0.9937378893471086, 'b_trigger_l': 0.1683234993161884, 'b_trigger_s': 0.8936559670817119, 'vol_mult': 2.705500775482924, 'atr_mult': 2.9396197706769227, 'sl_atr': 2.2, 'tp_atr': 4.1, 'max_bars_hold': 100}"
94,CAPITULATION,26.15,69.36,150.575,233.961,"{'strategy_type': 'CAPITULATION', 'b_lower': 0.09244032817968165, 'b_upper': 0.9776242789611944, 'b_trigger_l': 0.1605951853554636, 'b_trigger_s': 0.8676610295346542, 'vol_mult': 2.586557119071882, 'atr_mult': 2.9505397367019093, 'sl_atr': 5.6, 'tp_atr': 4.5, 'max_bars_hold': 92}"
95,CAPITULATION,1.78,61.51,150.688,160.179,"{'strategy_type': 'CAPITULATION', 'b_lower': 0.09432122946391253, 'b_upper': 0.9760886391157853, 'b_trigger_l': 0.16086606654807592, 'b_trigger_s': 0.867513288320744, 'vol_mult': 2.612689751176423, 'atr_mult': 2.8167402517193936, 'sl_atr': 5.6, 'tp_atr': 4.5, 'max_bars_hold': 92}"
96,CAPITULATION,9.79,59.28,1.961,35.259,"{'strategy_type': 'CAPITULATION', 'b_lower': 0.09072382873893517, 'b_upper': 0.9851732287452231, 'b_trigger_l': 0.15585968856041438, 'b_trigger_s': 0.8597441664167357, 'vol_mult': 2.7618060074559576, 'atr_mult': 2.699339517788229, 'sl_atr': 5.4, 'tp_atr': 4.6, 'max_bars_hold': 95}"
98,CAPITULATION,9.77,61.13,139.973,173.396,"{'strategy_type': 'CAPITULATION', 'b_lower': 0.09961991482741164, 'b_upper': 0.9309784395794976, 'b_trigger_l': 0.1743601113325945, 'b_trigger_s': 0.8700951574091178, 'vol_mult': 2.572917195689894, 'atr_mult': 2.874934957116343, 'sl_atr': 5.6, 'tp_atr': 4.2, 'max_bars_hold': 98}"
99,CAPITULATION,26.13,71.23,128.713,212.226,"{'strategy_type': 'CAPITULATION', 'b_lower': 0.09663577157109154, 'b_upper': 0.9818634225651925, 'b_trigger_l': 0.18197219151150595, 'b_trigger_s': 0.8745830223084055, 'vol_mult': 2.7128867036122144, 'atr_mult': 2.943530315036138, 'sl_atr': 5.9, 'tp_atr': 3.9, 'max_bars_hold': 89}"
100,CAPITULATION,26.12,72.23,128.688,212.271,"{'strategy_type': 'CAPITULATION', 'b_lower': 0.09638313582236548, 'b_upper': 0.9799677258497218, 'b_trigger_l': 0.1862219449911605, 'b_trigger_s': 0.8309251922875796, 'vol_mult': 2.680000557854643, 'atr_mult': 2.9600564173600636, 'sl_atr': 6.0, 'tp_atr': 3.9, 'max_bars_hold': 89}"
101,CAPITULATION,26.12,73.04,132.187,215.851,"{'strategy_type': 'CAPITULATION', 'b_lower': 0.09628757876666659, 'b_upper': 0.9804419271003647, 'b_trigger_l': 0.18813387093635925, 'b_trigger_s': 0.834500538345853, 'vol_mult': 2.722795973894494, 'atr_mult': 2.9481017532149814, 'sl_atr': 6.0, 'tp_atr': 4.0, 'max_bars_hold': 89}"
102,CAPITULATION,25.75,69.17,146.297,228.464,"{'strategy_type': 'CAPITULATION', 'b_lower': 0.09679048257803663, 'b_upper': 0.9805450746652514, 'b_trigger_l': 0.19025531898009201, 'b_trigger_s': 0.8317985894570668, 'vol_mult': 2.7532040661072785, 'atr_mult': 2.9439801351815986, 'sl_atr': 6.0, 'tp_atr': 4.4, 'max_bars_hold': 86}"
103,CAPITULATION,25.82,67.2,146.137,228.317,"{'strategy_type': 'CAPITULATION', 'b_lower': 0.09239321981351171, 'b_upper': 0.9783026256396092, 'b_trigger_l': 0.18949461910186705, 'b_trigger_s': 0.8313588904981113, 'vol_mult': 2.778401721728592, 'atr_mult': 2.8397950356476143, 'sl_atr': 6.0, 'tp_atr': 4.4, 'max_bars_hold': 86}"
105,CAPITULATION,25.78,64.83,146.318,228.141,"{'strategy_type': 'CAPITULATION', 'b_lower': 0.09235618019834498, 'b_upper': 0.9707485778942192, 'b_trigger_l': 0.1867837099077089, 'b_trigger_s': 0.8353071105562557, 'vol_mult': 2.7739133852376106, 'atr_mult': 2.83269577386458, 'sl_atr': 5.7, 'tp_atr': 4.4, 'max_bars_hold': 95}"
106,CAPITULATION,25.83,64.83,146.242,228.215,"{'strategy_type': 'CAPITULATION', 'b_lower': 0.09247122574048021, 'b_upper': 0.9707014952734616, 'b_trigger_l': 0.178887268327953, 'b_trigger_s': 0.8407841133637388, 'vol_mult': 2.787683007229969, 'atr_mult': 2.8280165208920383, 'sl_atr': 5.8, 'tp_atr': 4.4, 'max_bars_hold': 96}"
107,CAPITULATION,25.9,65.56,0.563,82.819,"{'strategy_type': 'CAPITULATION', 'b_lower': 0.08955396288711114, 'b_upper': 0.9742384322774233, 'b_trigger_l': 0.1962523662011101, 'b_trigger_s': 0.8398997874503208, 'vol_mult': 2.8785926053021664, 'atr_mult': 2.832509891416768, 'sl_atr': 5.7, 'tp_atr': 5.3, 'max_bars_hold': 96}"
109,CAPITULATION,26.48,70.84,0.546,85.07,"{'strategy_type': 'CAPITULATION', 'b_lower': 0.09268362309117424, 'b_upper': 0.9692353426971826, 'b_trigger_l': 0.19379407343536353, 'b_trigger_s': 0.8424392617166562, 'vol_mult': 2.935946934838164, 'atr_mult': 2.7595069786222672, 'sl_atr': 5.9, 'tp_atr': 4.4, 'max_bars_hold': 94}"
110,CAPITULATION,1.5,57.07,0.059,30.266,"{'strategy_type': 'CAPITULATION', 'b_lower': 0.08593484768675398, 'b_upper': 0.9717141005995924, 'b_trigger_l': 0.17836422979202354, 'b_trigger_s': 0.827359745683392, 'vol_mult': 2.865743168007533, 'atr_mult': 2.6363239723594805, 'sl_atr': 5.5, 'tp_atr': 5.0, 'max_bars_hold': 100}"
111,CAPITULATION,26.05,69.9,2.341,85.481,"{'strategy_type': 'CAPITULATION', 'b_lower': 0.09208521153452935, 'b_upper': 0.9769199761793488, 'b_trigger_l': 0.19250852565742588, 'b_trigger_s': 0.8338615693438817, 'vol_mult': 2.780194029512225, 'atr_mult': 2.861425910077267, 'sl_atr': 5.8, 'tp_atr': 4.7, 'max_bars_hold': 91}"
112,CAPITULATION,25.65,61.97,139.004,220.151,"{'strategy_type': 'CAPITULATION', 'b_lower': 0.09963234702153541, 'b_upper': 0.989336221421979, 'b_trigger_l': 0.1664280789261537, 'b_trigger_s': 0.8450047572135234, 'vol_mult': 2.7957569300465352, 'atr_mult': 2.828835179824833, 'sl_atr': 5.6, 'tp_atr': 4.2, 'max_bars_hold': 96}"
113,CAPITULATION,8.54,53.93,142.588,171.601,"{'strategy_type': 'CAPITULATION', 'b_lower': 0.09399724838507482, 'b_upper': 0.9885632055002455, 'b_trigger_l': 0.16591961997243856, 'b_trigger_s': 0.850322976480983, 'vol_mult': 2.8173877848662814, 'atr_mult': 2.8180583919946827, 'sl_atr': 5.6, 'tp_atr': 4.3, 'max_bars_hold': 97}"
114,CAPITULATION,1.93,60.36,2.675,12.501,"{'strategy_type': 'CAPITULATION', 'b_lower': 0.0889801764679, 'b_upper': 0.9973823318335877, 'b_trigger_l': 0.18069560633208237, 'b_trigger_s': 0.8455365465162256, 'vol_mult': 2.6463809616133496, 'atr_mult': 2.7336116019838315, 'sl_atr': 5.9, 'tp_atr': 4.8, 'max_bars_hold': 86}"
115,CAPITULATION,25.93,68.23,2.792,85.405,"{'strategy_type': 'CAPITULATION', 'b_lower': 0.09103631355452044, 'b_upper': 0.9906346227565099, 'b_trigger_l': 0.1748807955542153, 'b_trigger_s': 0.8406680956792335, 'vol_mult': 2.79138493389287, 'atr_mult': 2.8756394561840795, 'sl_atr': 5.8, 'tp_atr': 4.6, 'max_bars_hold': 94}"
116,CAPITULATION,25.61,65.0,0.321,81.651,"{'strategy_type': 'CAPITULATION', 'b_lower': 0.0976998553388151, 'b_upper': 0.9772714014723048, 'b_trigger_l': 0.18992370673117093, 'b_trigger_s': 0.8204953917991485, 'vol_mult': 2.856354137810465, 'atr_mult': 2.878431106432764, 'sl_atr': 5.5, 'tp_atr': 4.3, 'max_bars_hold': 36}"
117,CAPITULATION,26.45,66.61,0.416,84.427,"{'strategy_type': 'CAPITULATION', 'b_lower': 0.08324121088390372, 'b_upper': 0.9636877882348077, 'b_trigger_l': 0.16817278945272865, 'b_trigger_s': 0.8505589177054287, 'vol_mult': 2.9631419675195216, 'atr_mult': 2.819439261043997, 'sl_atr': 6.0, 'tp_atr': 4.2, 'max_bars_hold': 96}"
118,CAPITULATION,26.21,69.0,149.836,233.366,"{'strategy_type': 'CAPITULATION', 'b_lower': 0.09450482577610422, 'b_upper': 0.9715837759374454, 'b_trigger_l': 0.1838556638246725, 'b_trigger_s': 0.8358722895489694, 'vol_mult': 2.74787565385213, 'atr_mult': 2.6865086582101165, 'sl_atr': 5.3, 'tp_atr': 4.5, 'max_bars_hold': 91}"
120,CAPITULATION,25.84,69.11,2.321,84.752,"{'strategy_type': 'CAPITULATION', 'b_lower': 0.0944897421331158, 'b_upper': 0.9715975390717554, 'b_trigger_l': 0.18423469210735383, 'b_trigger_s': 0.8277706080385269, 'vol_mult': 2.7454541441229856, 'atr_mult': 2.7732366685426713, 'sl_atr': 5.1, 'tp_atr': 5.1, 'max_bars_hold': 93}"
121,CAPITULATION,25.86,64.94,1.765,83.839,"{'strategy_type': 'CAPITULATION', 'b_lower': 0.0974710163197462, 'b_upper': 0.9626247663902955, 'b_trigger_l': 0.18751086893754798, 'b_trigger_s': 0.8350187940948618, 'vol_mult': 2.7782418709316232, 'atr_mult': 2.7068261382333922, 'sl_atr': 5.6, 'tp_atr': 4.7, 'max_bars_hold': 95}"
122,CAPITULATION,26.03,71.03,146.849,230.042,"{'strategy_type': 'CAPITULATION', 'b_lower': 0.08857015671792708, 'b_upper': 0.9924281255135697, 'b_trigger_l': 0.17759061802530735, 'b_trigger_s': 0.8308058675335401, 'vol_mult': 2.5980470056017144, 'atr_mult': 2.890624356733744, 'sl_atr': 5.7, 'tp_atr': 4.4, 'max_bars_hold': 86}"
123,CAPITULATION,26.1,72.42,150.478,234.02,"{'strategy_type': 'CAPITULATION', 'b_lower': 0.08760816100878395, 'b_upper': 0.9786428215673469, 'b_trigger_l': 0.17743599730075138, 'b_trigger_s': 0.8381437613150496, 'vol_mult': 2.5973448864414572, 'atr_mult': 2.891843229835094, 'sl_atr': 5.7, 'tp_atr': 4.5, 'max_bars_hold': 88}"
124,CAPITULATION,26.0,73.04,150.512,233.816,"{'strategy_type': 'CAPITULATION', 'b_lower': 0.08679570465649633, 'b_upper': 0.9783411426538797, 'b_trigger_l': 0.19656488652965848, 'b_trigger_s': 0.831178239808063, 'vol_mult': 2.509985468159543, 'atr_mult': 2.8902294122648935, 'sl_atr': 5.7, 'tp_atr': 4.5, 'max_bars_hold': 86}"
125,CAPITULATION,26.22,72.23,2.868,86.751,"{'strategy_type': 'CAPITULATION', 'b_lower': 0.08535233646519065, 'b_upper': 0.9783637037824958, 'b_trigger_l': 0.19496903957239645, 'b_trigger_s': 0.8317865561526903, 'vol_mult': 2.5003314767490843, 'atr_mult': 2.8592629683881494, 'sl_atr': 5.8, 'tp_atr': 4.9, 'max_bars_hold': 86}"
126,CAPITULATION,25.94,70.84,150.038,232.942,"{'strategy_type': 'CAPITULATION', 'b_lower': 0.08825917203295323, 'b_upper': 0.9737098893018813, 'b_trigger_l': 0.19054371039376236, 'b_trigger_s': 0.8296872815060202, 'vol_mult': 2.6395176161914002, 'atr_mult': 2.9690395715541524, 'sl_atr': 6.0, 'tp_atr': 4.5, 'max_bars_hold': 87}"
127,CAPITULATION,1.86,66.37,149.755,159.972,"{'strategy_type': 'CAPITULATION', 'b_lower': 0.025000567283070627, 'b_upper': 0.9739940749013648, 'b_trigger_l': 0.19928402501773185, 'b_trigger_s': 0.8165835933629211, 'vol_mult': 2.562989214693268, 'atr_mult': 2.757802352674246, 'sl_atr': 5.9, 'tp_atr': 4.5, 'max_bars_hold': 79}"
129,CAPITULATION,25.99,72.23,146.485,229.678,"{'strategy_type': 'CAPITULATION', 'b_lower': 0.08782594355255297, 'b_upper': 0.9747388295262921, 'b_trigger_l': 0.18091537741814206, 'b_trigger_s': 0.8244482759215246, 'vol_mult': 2.5956616781396677, 'atr_mult': 2.9610337148984525, 'sl_atr': 5.7, 'tp_atr': 4.4, 'max_bars_hold': 87}"
130,CAPITULATION,26.02,74.51,146.524,230.035,"{'strategy_type': 'CAPITULATION', 'b_lower': 0.08165724255160751, 'b_upper': 0.9697944917043274, 'b_trigger_l': 0.19061520960659115, 'b_trigger_s': 0.825253511192773, 'vol_mult': 2.59213203312676, 'atr_mult': 2.9670365278748245, 'sl_atr': 5.7, 'tp_atr': 4.4, 'max_bars_hold': 88}"
131,CAPITULATION,26.02,73.04,146.583,229.947,"{'strategy_type': 'CAPITULATION', 'b_lower': 0.08116682910127805, 'b_upper': 0.9706827202620112, 'b_trigger_l': 0.17953329950322316, 'b_trigger_s': 0.8251787193614394, 'vol_mult': 2.579273413208554, 'atr_mult': 2.9700278987216593, 'sl_atr': 5.7, 'tp_atr': 4.4, 'max_bars_hold': 85}"
132,CAPITULATION,26.59,68.87,3.178,87.835,"{'strategy_type': 'CAPITULATION', 'b_lower': 0.08083617325045482, 'b_upper': 0.9790736166147094, 'b_trigger_l': 0.18107361008761025, 'b_trigger_s': 0.8239392854293275, 'vol_mult': 2.420647044419569, 'atr_mult': 2.992783805774076, 'sl_atr': 5.7, 'tp_atr': 4.6, 'max_bars_hold': 87}"
133,CAPITULATION,26.0,70.73,3.066,86.139,"{'strategy_type': 'CAPITULATION', 'b_lower': 0.07496064604210541, 'b_upper': 0.9744371735809314, 'b_trigger_l': 0.1902607163601459, 'b_trigger_s': 0.8261286719207125, 'vol_mult': 2.5877041257513174, 'atr_mult': 2.962374927047367, 'sl_atr': 5.8, 'tp_atr': 4.9, 'max_bars_hold': 85}"
134,CAPITULATION,25.76,67.48,146.218,228.246,"{'strategy_type': 'CAPITULATION', 'b_lower': 0.08406828525527721, 'b_upper': 0.9690323756389738, 'b_trigger_l': 0.17809567866086756, 'b_trigger_s': 0.8309264803559644, 'vol_mult': 2.4576489180680747, 'atr_mult': 2.958736364310191, 'sl_atr': 5.9, 'tp_atr': 4.4, 'max_bars_hold': 81}"
135,CAPITULATION,25.72,66.01,7.667,111.428,"{'strategy_type': 'CAPITULATION', 'b_lower': 0.08450451256689742, 'b_upper': 0.9676773671115858, 'b_trigger_l': 0.19732995390919827, 'b_trigger_s': 0.8304499651572457, 'vol_mult': 2.465969014408332, 'atr_mult': 2.9659795973871916, 'sl_atr': 6.0, 'tp_atr': 4.8, 'max_bars_hold': 81}"
136,CAPITULATION,25.84,66.67,7.078,89.265,"{'strategy_type': 'CAPITULATION', 'b_lower': 0.0876454091122647, 'b_upper': 0.9756849478034383, 'b_trigger_l': 0.18425875673461053, 'b_trigger_s': 0.8181428783705534, 'vol_mult': 2.5306820701373476, 'atr_mult': 2.8961685967280513, 'sl_atr': 5.9, 'tp_atr': 5.1, 'max_bars_hold': 82}"
138,CAPITULATION,25.63,65.35,146.49,227.915,"{'strategy_type': 'CAPITULATION', 'b_lower': 0.08254436023446571, 'b_upper': 0.9817688800758363, 'b_trigger_l': 0.19078458191952483, 'b_trigger_s': 0.8222624727762976, 'vol_mult': 2.4069005106947357, 'atr_mult': 2.960157300556694, 'sl_atr': 5.7, 'tp_atr': 4.4, 'max_bars_hold': 79}"
139,CAPITULATION,25.99,69.84,124.882,207.836,"{'strategy_type': 'CAPITULATION', 'b_lower': 0.08762916797782876, 'b_upper': 0.973825260102246, 'b_trigger_l': 0.1760062534027514, 'b_trigger_s': 0.8381177448331464, 'vol_mult': 2.628944165116071, 'atr_mult': 2.890729407948907, 'sl_atr': 5.5, 'tp_atr': 3.8, 'max_bars_hold': 88}"
140,CAPITULATION,3.24,52.43,-0.234,12.729,"{'strategy_type': 'CAPITULATION', 'b_lower': 0.08401456696299714, 'b_upper': 0.9775963709896826, 'b_trigger_l': 0.17299658897086564, 'b_trigger_s': 0.810411934388274, 'vol_mult': 2.3483283024419266, 'atr_mult': 2.9741207086788717, 'sl_atr': 5.9, 'tp_atr': 4.5, 'max_bars_hold': 10}"
141,CAPITULATION,0.73,44.57,1.693,6.34,"{'strategy_type': 'CAPITULATION', 'b_lower': 0.08854997894730954, 'b_upper': 0.9836159722552886, 'b_trigger_l': 0.17848514763058804, 'b_trigger_s': 0.8291487839540598, 'vol_mult': 2.5096354689945315, 'atr_mult': 2.157190186523894, 'sl_atr': 5.8, 'tp_atr': 4.3, 'max_bars_hold': 85}"
142,CAPITULATION,27.35,77.29,2.697,90.476,"{'strategy_type': 'CAPITULATION', 'b_lower': 0.08070504448235527, 'b_upper': 0.9690003417103259, 'b_trigger_l': 0.17941068424926832, 'b_trigger_s': 0.8143963795926256, 'vol_mult': 2.594993585801971, 'atr_mult': 2.9053639308400863, 'sl_atr': 6.0, 'tp_atr': 4.7, 'max_bars_hold': 87}"
143,CAPITULATION,1.81,64.64,149.926,159.82,"{'strategy_type': 'CAPITULATION', 'b_lower': 0.0904731055855034, 'b_upper': 0.9612913403486198, 'b_trigger_l': 0.18384006981338805, 'b_trigger_s': 0.8246583484677698, 'vol_mult': 2.653773332733981, 'atr_mult': 2.7959153201989326, 'sl_atr': 5.7, 'tp_atr': 4.5, 'max_bars_hold': 88}"
145,CAPITULATION,1.96,63.17,3.647,13.844,"{'strategy_type': 'CAPITULATION', 'b_lower': 0.08700229003770506, 'b_upper': 0.9664334699727645, 'b_trigger_l': 0.17178277826986688, 'b_trigger_s': 0.8376118262050652, 'vol_mult': 2.4870590009813744, 'atr_mult': 2.8530705215837195, 'sl_atr': 5.7, 'tp_atr': 4.9, 'max_bars_hold': 84}"
147,CAPITULATION,26.04,72.23,3.085,86.428,"{'strategy_type': 'CAPITULATION', 'b_lower': 0.08988596399563673, 'b_upper': 0.9757403183711062, 'b_trigger_l': 0.17792262553081123, 'b_trigger_s': 0.820717067584676, 'vol_mult': 2.609545970790087, 'atr_mult': 2.9227568238189146, 'sl_atr': 5.5, 'tp_atr': 4.7, 'max_bars_hold': 89}"
148,CAPITULATION,25.54,61.77,5.374,86.171,"{'strategy_type': 'CAPITULATION', 'b_lower': 0.083260814119399, 'b_upper': 0.9796644279224864, 'b_trigger_l': 0.181876684780642, 'b_trigger_s': 0.8292293433810548, 'vol_mult': 2.6635979867706325, 'atr_mult': 2.961563580340833, 'sl_atr': 6.0, 'tp_atr': 7.1, 'max_bars_hold': 52}"
150,CAPITULATION,0.99,48.53,143.255,149.078,"{'strategy_type': 'CAPITULATION', 'b_lower': 0.09278286296906212, 'b_upper': 0.9704071655289674, 'b_trigger_l': 0.1895094636225547, 'b_trigger_s': 0.8367938389748348, 'vol_mult': 2.574456505503744, 'atr_mult': 2.3462974716673513, 'sl_atr': 5.6, 'tp_atr': 4.3, 'max_bars_hold': 80}"
151,CAPITULATION,1.93,65.84,150.024,160.398,"{'strategy_type': 'CAPITULATION', 'b_lower': 0.0924539117525173, 'b_upper': 0.972094853384568, 'b_trigger_l': 0.18509166417542372, 'b_trigger_s': 0.8352114335236045, 'vol_mult': 2.692486702847821, 'atr_mult': 2.8428879469426493, 'sl_atr': 5.8, 'tp_atr': 4.5, 'max_bars_hold': 88}"
152,CAPITULATION,25.94,71.49,146.752,229.721,"{'strategy_type': 'CAPITULATION', 'b_lower': 0.08859793164595019, 'b_upper': 0.9651678313038736, 'b_trigger_l': 0.18688149433987492, 'b_trigger_s': 0.8264463954907298, 'vol_mult': 2.6308665901273542, 'atr_mult': 2.8736845096699963, 'sl_atr': 5.7, 'tp_atr': 4.4, 'max_bars_hold': 93}"
153,CAPITULATION,26.18,72.23,135.967,219.73,"{'strategy_type': 'CAPITULATION', 'b_lower': 0.08825957879561945, 'b_upper': 0.9643829463381607, 'b_trigger_l': 0.1955771767194011, 'b_trigger_s': 0.8264546776812026, 'vol_mult': 2.6536390968387362, 'atr_mult': 2.88550004435668, 'sl_atr': 5.7, 'tp_atr': 4.1, 'max_bars_hold': 90}"
154,CAPITULATION,28.04,72.4,144.254,233.614,"{'strategy_type': 'CAPITULATION', 'b_lower': 0.08525291063574218, 'b_upper': 0.968161694232519, 'b_trigger_l': 0.17627754302079882, 'b_trigger_s': 0.8318103898602649, 'vol_mult': 2.6182035231484884, 'atr_mult': 2.9992285279397826, 'sl_atr': 5.4, 'tp_atr': 4.3, 'max_bars_hold': 93}"
155,CAPITULATION,25.93,69.75,139.545,222.31,"{'strategy_type': 'CAPITULATION', 'b_lower': 0.07877929564058421, 'b_upper': 0.9681762705988225, 'b_trigger_l': 0.17492544283557723, 'b_trigger_s': 0.8308169989355206, 'vol_mult': 2.5181392180448565, 'atr_mult': 2.9732472609888103, 'sl_atr': 5.4, 'tp_atr': 4.2, 'max_bars_hold': 93}"
156,CAPITULATION,0.75,46.59,2.051,6.96,"{'strategy_type': 'CAPITULATION', 'b_lower': 0.08613064690483044, 'b_upper': 0.9753433553640058, 'b_trigger_l': 0.1699297521161024, 'b_trigger_s': 0.8235540868784123, 'vol_mult': 2.6312238578926883, 'atr_mult': 1.9778055471775469, 'sl_atr': 5.4, 'tp_atr': 4.6, 'max_bars_hold': 86}"
157,CAPITULATION,30.02,75.73,3.502,99.135,"{'strategy_type': 'CAPITULATION', 'b_lower': 0.08137051235343803, 'b_upper': 0.9826775907888463, 'b_trigger_l': 0.1919926381035384, 'b_trigger_s': 0.8263819713394, 'vol_mult': 2.6115100249435184, 'atr_mult': 2.998289444540014, 'sl_atr': 5.2, 'tp_atr': 4.8, 'max_bars_hold': 92}"
159,CAPITULATION,25.93,70.66,143.086,225.942,"{'strategy_type': 'CAPITULATION', 'b_lower': 0.07651320763143046, 'b_upper': 0.9585961193783132, 'b_trigger_l': 0.1814380837031932, 'b_trigger_s': 0.832578759719907, 'vol_mult': 2.574782910829255, 'atr_mult': 2.934366213508336, 'sl_atr': 5.9, 'tp_atr': 4.3, 'max_bars_hold': 45}"
160,CAPITULATION,25.92,66.67,3.027,85.454,"{'strategy_type': 'CAPITULATION', 'b_lower': 0.08446646148442062, 'b_upper': 0.9783142243709786, 'b_trigger_l': 0.18756520371692353, 'b_trigger_s': 0.8186941341016931, 'vol_mult': 2.6927728549738785, 'atr_mult': 2.9142078422785174, 'sl_atr': 5.5, 'tp_atr': 5.0, 'max_bars_hold': 85}"
161,CAPITULATION,26.18,71.49,146.908,252.597,"{'strategy_type': 'CAPITULATION', 'b_lower': 0.0887435006347797, 'b_upper': 0.9660343650317971, 'b_trigger_l': 0.1779407925927411, 'b_trigger_s': 0.8391671221408351, 'vol_mult': 2.5234928643705445, 'atr_mult': 2.8745076491906967, 'sl_atr': 5.8, 'tp_atr': 4.4, 'max_bars_hold': 87}"
162,CAPITULATION,26.04,68.45,146.601,229.566,"{'strategy_type': 'CAPITULATION', 'b_lower': 0.08913752332710344, 'b_upper': 0.9658005778803779, 'b_trigger_l': 0.17578369547690528, 'b_trigger_s': 0.8302425341706579, 'vol_mult': 2.5286324278343577, 'atr_mult': 2.865146340315645, 'sl_atr': 6.0, 'tp_atr': 4.4, 'max_bars_hold': 87}"
163,CAPITULATION,26.16,69.84,3.191,86.655,"{'strategy_type': 'CAPITULATION', 'b_lower': 0.0892684966377031, 'b_upper': 0.9668142694053206, 'b_trigger_l': 0.1727601419323319, 'b_trigger_s': 0.8375117365184013, 'vol_mult': 2.5435750848982983, 'atr_mult': 2.873580407358859, 'sl_atr': 6.0, 'tp_atr': 4.6, 'max_bars_hold': 87}"
164,CAPITULATION,2.34,65.33,139.686,151.239,"{'strategy_type': 'CAPITULATION', 'b_lower': 0.095734524178668, 'b_upper': 0.9607379020765744, 'b_trigger_l': 0.18312408741637023, 'b_trigger_s': 0.843789432463666, 'vol_mult': 2.5955377562838455, 'atr_mult': 2.7819489891268048, 'sl_atr': 5.6, 'tp_atr': 4.2, 'max_bars_hold': 90}"
165,CAPITULATION,12.48,64.21,150.7,192.561,"{'strategy_type': 'CAPITULATION', 'b_lower': 0.08701252283496741, 'b_upper': 0.9646185565726849, 'b_trigger_l': 0.17638169272530788, 'b_trigger_s': 0.8286369659686688, 'vol_mult': 2.4861103420496193, 'atr_mult': 2.9067753201587574, 'sl_atr': 5.7, 'tp_atr': 4.5, 'max_bars_hold': 92}"
166,CAPITULATION,26.18,71.49,2.661,86.35,"{'strategy_type': 'CAPITULATION', 'b_lower': 0.09049521882340472, 'b_upper': 0.9731703677258396, 'b_trigger_l': 0.19351911087894583, 'b_trigger_s': 0.8325108236984872, 'vol_mult': 2.648024124624134, 'atr_mult': 2.859870947453485, 'sl_atr': 5.8, 'tp_atr': 4.7, 'max_bars_hold': 88}"
167,CAPITULATION,1.66,55.34,143.05,151.564,"{'strategy_type': 'CAPITULATION', 'b_lower': 0.09745169000228199, 'b_upper': 0.9528473564703397, 'b_trigger_l': 0.19983607898874683, 'b_trigger_s': 0.8223864984606962, 'vol_mult': 2.3646426268483847, 'atr_mult': 2.8032099904280057, 'sl_atr': 5.4, 'tp_atr': 4.3, 'max_bars_hold': 85}"
169,CAPITULATION,26.02,71.23,125.142,208.325,"{'strategy_type': 'CAPITULATION', 'b_lower': 0.09404102634471291, 'b_upper': 0.9807273416500228, 'b_trigger_l': 0.18632603739961803, 'b_trigger_s': 0.826230285177312, 'vol_mult': 2.526661622936989, 'atr_mult': 2.9419138010690395, 'sl_atr': 5.5, 'tp_atr': 3.8, 'max_bars_hold': 93}"
170,CAPITULATION,26.05,66.78,2.67,85.498,"{'strategy_type': 'CAPITULATION', 'b_lower': 0.08804776757686414, 'b_upper': 0.9769761867598534, 'b_trigger_l': 0.16963981090360997, 'b_trigger_s': 0.8154712050399263, 'vol_mult': 2.6977204359119322, 'atr_mult': 2.892513692321824, 'sl_atr': 2.4, 'tp_atr': 4.8, 'max_bars_hold': 84}"
171,CAPITULATION,25.73,65.1,146.244,227.944,"{'strategy_type': 'CAPITULATION', 'b_lower': 0.08337818397336297, 'b_upper': 0.969335285910556, 'b_trigger_l': 0.17934633831006794, 'b_trigger_s': 0.8300176536079232, 'vol_mult': 2.447772211622855, 'atr_mult': 2.9635986803657346, 'sl_atr': 5.9, 'tp_atr': 4.4, 'max_bars_hold': 82}"
172,CAPITULATION,26.05,71.85,146.804,230.139,"{'strategy_type': 'CAPITULATION', 'b_lower': 0.0850611315492228, 'b_upper': 0.9656222405370541, 'b_trigger_l': 0.17736905492863253, 'b_trigger_s': 0.8344099331358757, 'vol_mult': 2.5724595033676043, 'atr_mult': 2.9128500713123704, 'sl_atr': 5.7, 'tp_atr': 4.4, 'max_bars_hold': 87}"
173,CAPITULATION,1.98,62.73,150.401,160.614,"{'strategy_type': 'CAPITULATION', 'b_lower': 0.08580266932114332, 'b_upper': 0.9650429790473285, 'b_trigger_l': 0.1746595307865484, 'b_trigger_s': 0.8391950715930346, 'vol_mult': 2.5766817552336514, 'atr_mult': 2.844666589903942, 'sl_atr': 5.6, 'tp_atr': 4.5, 'max_bars_hold': 87}"
174,CAPITULATION,28.63,70.95,144.297,235.282,"{'strategy_type': 'CAPITULATION', 'b_lower': 0.08967889219488087, 'b_upper': 0.9628397583311791, 'b_trigger_l': 0.18185657540339353, 'b_trigger_s': 0.8333094838705708, 'vol_mult': 2.7353938619324296, 'atr_mult': 2.995303444499536, 'sl_atr': 1.7, 'tp_atr': 4.2, 'max_bars_hold': 89}"
175,CAPITULATION,26.17,67.2,143.487,226.717,"{'strategy_type': 'CAPITULATION', 'b_lower': 0.08904422609580954, 'b_upper': 0.961861215979951, 'b_trigger_l': 0.1821083743465088, 'b_trigger_s': 0.8343562865378806, 'vol_mult': 2.7302843746705547, 'atr_mult': 2.926422922167117, 'sl_atr': 1.7, 'tp_atr': 4.2, 'max_bars_hold': 89}"
176,CAPITULATION,26.17,57.61,2.447,84.718,"{'strategy_type': 'CAPITULATION', 'b_lower': 0.03736170431055809, 'b_upper': 0.9667497263490256, 'b_trigger_l': 0.1768595180636034, 'b_trigger_s': 0.8353744341975639, 'vol_mult': 2.6240602844132006, 'atr_mult': 2.996499989449278, 'sl_atr': 1.3, 'tp_atr': 4.0, 'max_bars_hold': 22}"
177,CAPITULATION,26.22,72.62,2.434,86.356,"{'strategy_type': 'CAPITULATION', 'b_lower': 0.08678350571899597, 'b_upper': 0.944606957296598, 'b_trigger_l': 0.18472136287792967, 'b_trigger_s': 0.8474694702163083, 'vol_mult': 2.551356036393925, 'atr_mult': 2.948840431699499, 'sl_atr': 2.9, 'tp_atr': 4.6, 'max_bars_hold': 91}"
178,CAPITULATION,25.93,70.66,143.077,225.933,"{'strategy_type': 'CAPITULATION', 'b_lower': 0.079815021013051, 'b_upper': 0.9636485662075355, 'b_trigger_l': 0.17179011033810201, 'b_trigger_s': 0.824821374719967, 'vol_mult': 2.674978593088723, 'atr_mult': 2.8884828915952085, 'sl_atr': 5.7, 'tp_atr': 4.3, 'max_bars_hold': 94}"
179,CAPITULATION,25.97,73.61,2.944,86.215,"{'strategy_type': 'CAPITULATION', 'b_lower': 0.09040842757300813, 'b_upper': 0.9719320217771688, 'b_trigger_l': 0.17991114440464995, 'b_trigger_s': 0.8418758109404663, 'vol_mult': 2.505159087087267, 'atr_mult': 2.9073222289065894, 'sl_atr': 5.3, 'tp_atr': 4.8, 'max_bars_hold': 88}"
180,CAPITULATION,28.22,70.0,1.21,90.87,"{'strategy_type': 'CAPITULATION', 'b_lower': 0.0954598011006509, 'b_upper': 0.9652769764972894, 'b_trigger_l': 0.17540246069808574, 'b_trigger_s': 0.8055718519953924, 'vol_mult': 2.628845469678682, 'atr_mult': 2.9998805053232203, 'sl_atr': 2.0, 'tp_atr': 4.1, 'max_bars_hold': 90}"
181,CAPITULATION,2.13,63.4,1.463,12.193,"{'strategy_type': 'CAPITULATION', 'b_lower': 0.09262930821406247, 'b_upper': 0.9586770947117754, 'b_trigger_l': 0.053240830654429014, 'b_trigger_s': 0.8283382893252673, 'vol_mult': 2.727090099720354, 'atr_mult': 2.870699791752202, 'sl_atr': 3.5, 'tp_atr': 4.4, 'max_bars_hold': 86}"
182,CAPITULATION,26.08,75.73,150.474,234.287,"{'strategy_type': 'CAPITULATION', 'b_lower': 0.0046213120960972714, 'b_upper': 0.9756942000442682, 'b_trigger_l': 0.18926856645622261, 'b_trigger_s': 0.8323782016699272, 'vol_mult': 2.6000483317404806, 'atr_mult': 2.933112460130025, 'sl_atr': 5.8, 'tp_atr': 4.5, 'max_bars_hold': 86}"
183,CAPITULATION,25.87,54.46,0.728,81.784,"{'strategy_type': 'CAPITULATION', 'b_lower': 0.04981559563500112, 'b_upper': 0.97542062229474, 'b_trigger_l': 0.19657798468398, 'b_trigger_s': 0.8333797763560273, 'vol_mult': 2.588945341156631, 'atr_mult': 2.9371214137773953, 'sl_atr': 1.0, 'tp_atr': 4.6, 'max_bars_hold': 83}"
184,CAPITULATION,25.78,68.23,142.799,224.962,"{'strategy_type': 'CAPITULATION', 'b_lower': 0.02595259328121056, 'b_upper': 0.9677477202423579, 'b_trigger_l': 0.18873579296144874, 'b_trigger_s': 0.8380432215241472, 'vol_mult': 2.542067265137442, 'atr_mult': 2.9663226927057305, 'sl_atr': 5.8, 'tp_atr': 4.3, 'max_bars_hold': 87}"
185,CAPITULATION,26.0,72.29,150.676,233.905,"{'strategy_type': 'CAPITULATION', 'b_lower': 0.002631461015419459, 'b_upper': 0.9188372905347421, 'b_trigger_l': 0.18178133644148503, 'b_trigger_s': 0.8282530120137083, 'vol_mult': 2.652466328563869, 'atr_mult': 2.9306563251277717, 'sl_atr': 5.7, 'tp_atr': 4.5, 'max_bars_hold': 92}"
186,CAPITULATION,2.49,33.65,0.903,9.738,"{'strategy_type': 'CAPITULATION', 'b_lower': 0.004509976210009734, 'b_upper': 0.9107767587278047, 'b_trigger_l': 0.18202745474158677, 'b_trigger_s': 0.8203274870573128, 'vol_mult': 2.652703481665951, 'atr_mult': 2.9003234195031813, 'sl_atr': 0.7, 'tp_atr': 4.6, 'max_bars_hold': 92}"
188,CAPITULATION,1.07,52.28,139.357,145.795,"{'strategy_type': 'CAPITULATION', 'b_lower': 0.08251874408664737, 'b_upper': 0.9728446727410641, 'b_trigger_l': 0.18599493591395963, 'b_trigger_s': 0.8264742789670315, 'vol_mult': 2.58628485903609, 'atr_mult': 2.4599491256552586, 'sl_atr': 5.6, 'tp_atr': 4.2, 'max_bars_hold': 93}"
189,CAPITULATION,2.34,63.58,150.307,161.685,"{'strategy_type': 'CAPITULATION', 'b_lower': 0.016527952998792707, 'b_upper': 0.935191863575024, 'b_trigger_l': 0.17999741371063363, 'b_trigger_s': 0.856958033801803, 'vol_mult': 2.619052235690354, 'atr_mult': 2.8100866337615447, 'sl_atr': 5.7, 'tp_atr': 4.5, 'max_bars_hold': 91}"
190,CAPITULATION,25.75,67.41,2.78,84.771,"{'strategy_type': 'CAPITULATION', 'b_lower': 0.00021915820879000753, 'b_upper': 0.970143903293639, 'b_trigger_l': 0.16821143276036632, 'b_trigger_s': 0.828287804266315, 'vol_mult': 2.5525837673038465, 'atr_mult': 2.926574104220947, 'sl_atr': 5.5, 'tp_atr': 4.7, 'max_bars_hold': 88}"
191,CAPITULATION,25.97,73.33,146.549,229.792,"{'strategy_type': 'CAPITULATION', 'b_lower': 0.0099322532671842, 'b_upper': 0.9630736979299788, 'b_trigger_l': 0.19131339051652704, 'b_trigger_s': 0.8331780651263695, 'vol_mult': 2.678280827943153, 'atr_mult': 2.964896078722323, 'sl_atr': 5.8, 'tp_atr': 4.4, 'max_bars_hold': 85}"
192,CAPITULATION,29.38,72.5,150.769,244.159,"{'strategy_type': 'CAPITULATION', 'b_lower': 0.0056704343871093466, 'b_upper': 0.9664494018172296, 'b_trigger_l': 0.18477733676377395, 'b_trigger_s': 0.8359259117532567, 'vol_mult': 2.6722386958448126, 'atr_mult': 2.9968443878273368, 'sl_atr': 5.8, 'tp_atr': 4.5, 'max_bars_hold': 84}"
193,CAPITULATION,29.24,72.5,139.844,232.814,"{'strategy_type': 'CAPITULATION', 'b_lower': 0.00837890929951381, 'b_upper': 0.9257305550518105, 'b_trigger_l': 0.1840640768215721, 'b_trigger_s': 0.8356851836723115, 'vol_mult': 2.6812772631415105, 'atr_mult': 2.9996859316452986, 'sl_atr': 5.8, 'tp_atr': 4.2, 'max_bars_hold': 84}"
194,CAPITULATION,29.55,73.33,132.495,226.478,"{'strategy_type': 'CAPITULATION', 'b_lower': 0.00887609876800299, 'b_upper': 0.9223176990807096, 'b_trigger_l': 0.18410054900009998, 'b_trigger_s': 0.8368280612555807, 'vol_mult': 2.6873163508952884, 'atr_mult': 2.9983499153208117, 'sl_atr': 5.8, 'tp_atr': 4.0, 'max_bars_hold': 83}"
195,CAPITULATION,25.98,68.0,3.081,85.821,"{'strategy_type': 'CAPITULATION', 'b_lower': 0.00872568152306261, 'b_upper': 0.9197136397210648, 'b_trigger_l': 0.1924791759575487, 'b_trigger_s': 0.839852782754355, 'vol_mult': 1.692765955615036, 'atr_mult': 2.9997598406389523, 'sl_atr': 5.6, 'tp_atr': 4.2, 'max_bars_hold': 84}"
196,CAPITULATION,25.91,70.0,3.21,85.94,"{'strategy_type': 'CAPITULATION', 'b_lower': 0.004111088331800025, 'b_upper': 0.924775076374025, 'b_trigger_l': 0.1882132321725088, 'b_trigger_s': 0.8347422064983506, 'vol_mult': 2.7056570981689303, 'atr_mult': 2.9622458537387444, 'sl_atr': 5.8, 'tp_atr': 4.6, 'max_bars_hold': 85}"
197,CAPITULATION,25.89,70.62,150.568,233.3,"{'strategy_type': 'CAPITULATION', 'b_lower': 0.007686110400063247, 'b_upper': 0.9109449707900724, 'b_trigger_l': 0.19449228305235783, 'b_trigger_s': 0.8429263067463423, 'vol_mult': 2.641317291353311, 'atr_mult': 2.9240972907585334, 'sl_atr': 5.7, 'tp_atr': 4.5, 'max_bars_hold': 95}"
198,RSI_ADX_CHOP,0.86,57.13,-0.277,6.016,"{'strategy_type': 'RSI_ADX_CHOP', 'adx_min': 12.301082335318895, 'adx_max': 27.067978105970013, 'chop_max': 61.18907429476138, 'rsi_os': 23.1110159956693, 'rsi_ob': 79.27662385317015, 'sl_atr': 5.2, 'tp_atr': 4.8, 'max_bars_hold': 95}"
199,CAPITULATION,7.16,63.05,4.696,30.481,"{'strategy_type': 'CAPITULATION', 'b_lower': 0.012605312930002492, 'b_upper': 0.902520684846193, 'b_trigger_l': 0.19426315929659443, 'b_trigger_s': 0.8435557038260227, 'vol_mult': 2.076822184875698, 'atr_mult': 2.928991722151608, 'sl_atr': 5.4, 'tp_atr': 4.5, 'max_bars_hold': 98}"
200,CAPITULATION,2.16,62.85,1.471,12.236,"{'strategy_type': 'CAPITULATION', 'b_lower': 0.0024754183228232083, 'b_upper': 0.9137400594164371, 'b_trigger_l': 0.07652999314051628, 'b_trigger_s': 0.8489119263897672, 'vol_mult': 2.66349019009745, 'atr_mult': 2.965512111728701, 'sl_atr': 5.6, 'tp_atr': 3.9, 'max_bars_hold': 82}"
201,CAPITULATION,25.9,75.62,143.234,226.496,"{'strategy_type': 'CAPITULATION', 'b_lower': 0.012537499198148543, 'b_upper': 0.9105048168787063, 'b_trigger_l': 0.1911046704561409, 'b_trigger_s': 0.8359282443872864, 'vol_mult': 2.6379021186817706, 'atr_mult': 2.9116035354733807, 'sl_atr': 5.7, 'tp_atr': 4.3, 'max_bars_hold': 94}"
202,CAPITULATION,26.26,75.62,150.687,235.029,"{'strategy_type': 'CAPITULATION', 'b_lower': 0.008444252914167371, 'b_upper': 0.916346348460935, 'b_trigger_l': 0.19698049099112136, 'b_trigger_s': 0.8397449605971895, 'vol_mult': 2.719610648584197, 'atr_mult': 2.935440260356425, 'sl_atr': 5.8, 'tp_atr': 4.5, 'max_bars_hold': 90}"
203,CAPITULATION,25.84,73.75,2.23,85.125,"{'strategy_type': 'CAPITULATION', 'b_lower': 0.00670378854729221, 'b_upper': 0.9168788905671061, 'b_trigger_l': 0.19592820770640518, 'b_trigger_s': 0.8400249890674064, 'vol_mult': 2.751004913117568, 'atr_mult': 2.961037135225055, 'sl_atr': 5.8, 'tp_atr': 4.7, 'max_bars_hold': 90}"
204,CAPITULATION,50.06,78.33,139.898,295.911,"{'strategy_type': 'CAPITULATION', 'b_lower': 0.013019480993991507, 'b_upper': 0.9107738907124869, 'b_trigger_l': 0.19691335943229485, 'b_trigger_s': 0.8427931739623952, 'vol_mult': 2.7111607168194674, 'atr_mult': 2.9995233756388147, 'sl_atr': 5.9, 'tp_atr': 4.2, 'max_bars_hold': 85}"
205,CAPITULATION,3.97,32.55,152.276,165.441,"{'strategy_type': 'CAPITULATION', 'b_lower': 0.006006972556108062, 'b_upper': 0.9156954757254425, 'b_trigger_l': 0.1979459707678195, 'b_trigger_s': 0.8456297177768798, 'vol_mult': 2.722018761795698, 'atr_mult': 2.918877547201136, 'sl_atr': 0.5, 'tp_atr': 4.1, 'max_bars_hold': 67}"
207,CAPITULATION,50.19,80.0,140.413,296.983,"{'strategy_type': 'CAPITULATION', 'b_lower': 0.0025420837774170557, 'b_upper': 0.9123950228281361, 'b_trigger_l': 0.19935288409854798, 'b_trigger_s': 0.838890720984532, 'vol_mult': 2.748662160921401, 'atr_mult': 2.9929141741538787, 'sl_atr': 5.6, 'tp_atr': 4.2, 'max_bars_hold': 91}"
208,CAPITULATION,50.19,80.0,1.824,158.394,"{'strategy_type': 'CAPITULATION', 'b_lower': 0.0012690837672290171, 'b_upper': 0.9091289922705369, 'b_trigger_l': 0.19837601961331752, 'b_trigger_s': 0.8419629249412146, 'vol_mult': 2.8444176958142715, 'atr_mult': 2.9945347289397333, 'sl_atr': 5.5, 'tp_atr': 4.2, 'max_bars_hold': 91}"
209,CAPITULATION,25.9,74.93,132.358,215.551,"{'strategy_type': 'CAPITULATION', 'b_lower': 0.006003364885608328, 'b_upper': 0.9129470604541532, 'b_trigger_l': 0.19985600014654273, 'b_trigger_s': 0.8529807898397598, 'vol_mult': 2.728483793152725, 'atr_mult': 2.9327899305827665, 'sl_atr': 5.9, 'tp_atr': 4.0, 'max_bars_hold': 92}"
210,CAPITULATION,25.72,67.5,139.414,221.324,"{'strategy_type': 'CAPITULATION', 'b_lower': 0.003015111177659645, 'b_upper': 0.9097735537580544, 'b_trigger_l': 0.1945146078680094, 'b_trigger_s': 0.8443231794410805, 'vol_mult': 2.7477035097032663, 'atr_mult': 2.885264699927783, 'sl_atr': 5.6, 'tp_atr': 4.2, 'max_bars_hold': 97}"
211,CAPITULATION,26.0,75.62,2.944,86.506,"{'strategy_type': 'CAPITULATION', 'b_lower': 0.007921123603486008, 'b_upper': 0.9072650686934012, 'b_trigger_l': 0.19700949118991726, 'b_trigger_s': 0.8383516554884143, 'vol_mult': 2.684675721379982, 'atr_mult': 2.9699443916270254, 'sl_atr': 5.7, 'tp_atr': 4.6, 'max_bars_hold': 88}"
212,CAPITULATION,26.31,77.29,143.676,228.335,"{'strategy_type': 'CAPITULATION', 'b_lower': 0.013904791877416315, 'b_upper': 0.9169034417689093, 'b_trigger_l': 0.1929930828829539, 'b_trigger_s': 0.8369278690463469, 'vol_mult': 2.6047772170787233, 'atr_mult': 2.929771166282134, 'sl_atr': 5.8, 'tp_atr': 4.3, 'max_bars_hold': 90}"
213,CAPITULATION,29.21,73.33,150.855,243.818,"{'strategy_type': 'CAPITULATION', 'b_lower': 0.0018713976346566444, 'b_upper': 0.9119677418575599, 'b_trigger_l': 0.18384874242027885, 'b_trigger_s': 0.8398712838229445, 'vol_mult': 2.667172866913008, 'atr_mult': 2.9979686918922126, 'sl_atr': 5.6, 'tp_atr': 4.5, 'max_bars_hold': 86}"
214,CAPITULATION,29.7,73.33,3.374,97.807,"{'strategy_type': 'CAPITULATION', 'b_lower': 0.010802992504873172, 'b_upper': 0.9127007293977236, 'b_trigger_l': 0.18439431942448564, 'b_trigger_s': 0.840900623862836, 'vol_mult': 2.6646296558075013, 'atr_mult': 2.9965729982664366, 'sl_atr': 5.5, 'tp_atr': 4.7, 'max_bars_hold': 87}"
215,CAPITULATION,26.11,75.62,150.804,234.696,"{'strategy_type': 'CAPITULATION', 'b_lower': 0.0021814998807567817, 'b_upper': 0.9066123064681252, 'b_trigger_l': 0.19014837924380049, 'b_trigger_s': 0.8454047688336463, 'vol_mult': 2.7206081673979874, 'atr_mult': 2.9397138839901005, 'sl_atr': 5.4, 'tp_atr': 4.5, 'max_bars_hold': 89}"
216,CAPITULATION,25.71,67.5,2.592,84.472,"{'strategy_type': 'CAPITULATION', 'b_lower': 0.001394949241033402, 'b_upper': 0.9051597366470375, 'b_trigger_l': 0.19522847575461796, 'b_trigger_s': 0.8460013149768383, 'vol_mult': 2.7649668653294706, 'atr_mult': 2.900757466568935, 'sl_atr': 5.1, 'tp_atr': 5.0, 'max_bars_hold': 95}"
217,CAPITULATION,27.72,72.08,150.595,238.963,"{'strategy_type': 'CAPITULATION', 'b_lower': 0.005876874838747789, 'b_upper': 0.9064341031664719, 'b_trigger_l': 0.18826271090852392, 'b_trigger_s': 0.8498244433756186, 'vol_mult': 2.798719373797986, 'atr_mult': 2.9999924454201845, 'sl_atr': 5.3, 'tp_atr': 4.5, 'max_bars_hold': 56}"
218,CAPITULATION,33.0,68.75,5.77,109.645,"{'strategy_type': 'CAPITULATION', 'b_lower': 0.004729804267851167, 'b_upper': 0.907630267770311, 'b_trigger_l': 0.18715571066007927, 'b_trigger_s': 0.8516768082926739, 'vol_mult': 2.8144119149701425, 'atr_mult': 2.9966742861646427, 'sl_atr': 5.3, 'tp_atr': 4.6, 'max_bars_hold': 40}"
219,CAPITULATION,26.16,71.37,2.805,86.422,"{'strategy_type': 'CAPITULATION', 'b_lower': 0.007036897459950205, 'b_upper': 0.9049767451625395, 'b_trigger_l': 0.18864184620340613, 'b_trigger_s': 0.8490051171112326, 'vol_mult': 2.7145540345640597, 'atr_mult': 2.9378081125625464, 'sl_atr': 5.1, 'tp_atr': 4.8, 'max_bars_hold': 91}"
220,CAPITULATION,25.75,70.0,0.935,83.185,"{'strategy_type': 'CAPITULATION', 'b_lower': 0.0026072401179235622, 'b_upper': 0.9117516137174111, 'b_trigger_l': 0.1829437470995685, 'b_trigger_s': 0.8430089941934255, 'vol_mult': 2.849260297682205, 'atr_mult': 2.941728084138899, 'sl_atr': 5.4, 'tp_atr': 4.5, 'max_bars_hold': 94}"
221,CAPITULATION,25.49,58.23,2.129,82.422,"{'strategy_type': 'CAPITULATION', 'b_lower': 0.00016317273997202945, 'b_upper': 0.9027378430057131, 'b_trigger_l': 0.17781413615233088, 'b_trigger_s': 0.8385009501727576, 'vol_mult': 2.7526572384878194, 'atr_mult': 2.868806933546346, 'sl_atr': 5.3, 'tp_atr': 4.3, 'max_bars_hold': 33}"
222,CAPITULATION,25.87,73.75,150.519,233.504,"{'strategy_type': 'CAPITULATION', 'b_lower': 0.005452058235811312, 'b_upper': 0.9186338213677948, 'b_trigger_l': 0.19995464889145695, 'b_trigger_s': 0.8432197829124112, 'vol_mult': 2.800455041114802, 'atr_mult': 2.9194278798266855, 'sl_atr': 5.6, 'tp_atr': 4.5, 'max_bars_hold': 89}"
223,CAPITULATION,25.9,73.75,3.064,86.139,"{'strategy_type': 'CAPITULATION', 'b_lower': 0.0054024669402451975, 'b_upper': 0.9154595185022637, 'b_trigger_l': 0.19999327655871255, 'b_trigger_s': 0.8467551934506162, 'vol_mult': 2.7849963193894167, 'atr_mult': 2.9544137198301224, 'sl_atr': 5.4, 'tp_atr': 4.6, 'max_bars_hold': 89}"
224,CAPITULATION,50.13,79.28,140.623,296.941,"{'strategy_type': 'CAPITULATION', 'b_lower': 0.0022906291816849446, 'b_upper': 0.9206410741962415, 'b_trigger_l': 0.19682073030417363, 'b_trigger_s': 0.8428223375255994, 'vol_mult': 2.8086509942353723, 'atr_mult': 2.9979659201358717, 'sl_atr': 5.2, 'tp_atr': 4.2, 'max_bars_hold': 92}"
225,CAPITULATION,50.13,79.28,1.899,158.217,"{'strategy_type': 'CAPITULATION', 'b_lower': 0.0039027526938175848, 'b_upper': 0.9219222232507127, 'b_trigger_l': 0.1967747845511156, 'b_trigger_s': 0.8442238777884445, 'vol_mult': 2.896814960319835, 'atr_mult': 2.9982264169453154, 'sl_atr': 5.0, 'tp_atr': 4.1, 'max_bars_hold': 92}"
226,CAPITULATION,50.08,79.28,140.754,296.922,"{'strategy_type': 'CAPITULATION', 'b_lower': 0.007456664431846234, 'b_upper': 0.9205866197285462, 'b_trigger_l': 0.1934383675328964, 'b_trigger_s': 0.8419996045505279, 'vol_mult': 2.8152332775473985, 'atr_mult': 2.99754457370421, 'sl_atr': 5.2, 'tp_atr': 4.2, 'max_bars_hold': 93}"
227,CAPITULATION,25.65,72.08,150.276,232.434,"{'strategy_type': 'CAPITULATION', 'b_lower': 0.0021784128035450324, 'b_upper': 0.9196621559563791, 'b_trigger_l': 0.19544236378784105, 'b_trigger_s': 0.8418198959902201, 'vol_mult': 2.8205121157605078, 'atr_mult': 2.956114505373947, 'sl_atr': 5.2, 'tp_atr': 4.5, 'max_bars_hold': 57}"
229,CAPITULATION,25.75,68.12,0.86,82.922,"{'strategy_type': 'CAPITULATION', 'b_lower': 0.005710719956202417, 'b_upper': 0.9073746298011096, 'b_trigger_l': 0.19244467574297622, 'b_trigger_s': 0.8477448034215179, 'vol_mult': 2.846473926107585, 'atr_mult': 2.9272496677568567, 'sl_atr': 5.2, 'tp_atr': 4.3, 'max_bars_hold': 95}"
230,CAPITULATION,25.96,71.98,124.84,207.918,"{'strategy_type': 'CAPITULATION', 'b_lower': 0.003328461478988463, 'b_upper': 0.9180044268198998, 'b_trigger_l': 0.19986175156827424, 'b_trigger_s': 0.8433587081464502, 'vol_mult': 2.8111682639104685, 'atr_mult': 2.851147035003187, 'sl_atr': 5.4, 'tp_atr': 3.8, 'max_bars_hold': 91}"
231,CAPITULATION,50.11,78.46,140.422,296.598,"{'strategy_type': 'CAPITULATION', 'b_lower': 0.008381913021334762, 'b_upper': 0.9246131251863472, 'b_trigger_l': 0.19048488109443384, 'b_trigger_s': 0.8396363191468645, 'vol_mult': 2.770023872971105, 'atr_mult': 2.9995374055866533, 'sl_atr': 5.2, 'tp_atr': 4.2, 'max_bars_hold': 90}"
232,CAPITULATION,25.93,73.75,136.054,219.219,"{'strategy_type': 'CAPITULATION', 'b_lower': 0.007443801665224118, 'b_upper': 0.9209292340619271, 'b_trigger_l': 0.19357279634644275, 'b_trigger_s': 0.839097626458594, 'vol_mult': 2.7705796476600955, 'atr_mult': 2.9682819376363314, 'sl_atr': 5.2, 'tp_atr': 4.1, 'max_bars_hold': 90}"
233,CAPITULATION,25.82,73.75,0.978,83.813,"{'strategy_type': 'CAPITULATION', 'b_lower': 0.010108268585150806, 'b_upper': 0.9145408885945624, 'b_trigger_l': 0.19064203103645114, 'b_trigger_s': 0.8405663138825826, 'vol_mult': 2.870213792609165, 'atr_mult': 2.961664679030521, 'sl_atr': 5.1, 'tp_atr': 4.5, 'max_bars_hold': 93}"
234,CAPITULATION,0.78,46.87,1.773,6.8,"{'strategy_type': 'CAPITULATION', 'b_lower': 0.004113302100802998, 'b_upper': 0.9234982409795067, 'b_trigger_l': 0.19702667322281914, 'b_trigger_s': 0.8450137864462566, 'vol_mult': 2.7909550808141095, 'atr_mult': 2.2346400144871326, 'sl_atr': 5.3, 'tp_atr': 4.3, 'max_bars_hold': 89}"
235,CAPITULATION,30.16,72.29,133.406,229.115,"{'strategy_type': 'CAPITULATION', 'b_lower': 0.017773565630474976, 'b_upper': 0.9186101840872876, 'b_trigger_l': 0.1895976598509183, 'b_trigger_s': 0.84922809716159, 'vol_mult': 2.7283799503718518, 'atr_mult': 2.9993726358465285, 'sl_atr': 5.3, 'tp_atr': 4.0, 'max_bars_hold': 97}"
236,CAPITULATION,25.87,73.75,139.632,222.617,"{'strategy_type': 'CAPITULATION', 'b_lower': 0.006456815563824539, 'b_upper': 0.9087756747183462, 'b_trigger_l': 0.19424267969942088, 'b_trigger_s': 0.8420156902230153, 'vol_mult': 2.752011158732478, 'atr_mult': 2.916470154091788, 'sl_atr': 5.5, 'tp_atr': 4.2, 'max_bars_hold': 92}"
237,CAPITULATION,26.21,75.62,150.865,235.057,"{'strategy_type': 'CAPITULATION', 'b_lower': 0.0013573293066824494, 'b_upper': 0.9123914702129368, 'b_trigger_l': 0.19242779400019183, 'b_trigger_s': 0.8385412865853077, 'vol_mult': 2.7108475002437635, 'atr_mult': 2.9441008505563753, 'sl_atr': 5.2, 'tp_atr': 4.5, 'max_bars_hold': 91}"
239,CAPITULATION,26.19,73.68,143.577,227.515,"{'strategy_type': 'CAPITULATION', 'b_lower': 0.0019691669441962373, 'b_upper': 0.9151149014545105, 'b_trigger_l': 0.19304121116839473, 'b_trigger_s': 0.8565369706438085, 'vol_mult': 2.7133045159659064, 'atr_mult': 2.890994262066457, 'sl_atr': 5.1, 'tp_atr': 4.3, 'max_bars_hold': 91}"
241,CAPITULATION,26.12,75.62,150.89,234.812,"{'strategy_type': 'CAPITULATION', 'b_lower': 0.004812369587093824, 'b_upper': 0.9175039582576049, 'b_trigger_l': 0.19008207738317742, 'b_trigger_s': 0.8400448921186343, 'vol_mult': 2.7044364420565827, 'atr_mult': 2.9453297209076936, 'sl_atr': 5.2, 'tp_atr': 4.5, 'max_bars_hold': 89}"
242,CAPITULATION,25.83,70.0,147.062,229.552,"{'strategy_type': 'CAPITULATION', 'b_lower': 0.004532068497484535, 'b_upper': 0.9166452729545168, 'b_trigger_l': 0.18638972613652216, 'b_trigger_s': 0.8399121668647618, 'vol_mult': 2.7588342147446516, 'atr_mult': 2.942575639006936, 'sl_atr': 5.1, 'tp_atr': 4.4, 'max_bars_hold': 89}"
243,CAPITULATION,26.13,75.62,150.88,234.832,"{'strategy_type': 'CAPITULATION', 'b_lower': 0.0033536689111025716, 'b_upper': 0.9191384761581082, 'b_trigger_l': 0.19042152401525234, 'b_trigger_s': 0.8459914002714453, 'vol_mult': 2.7093631006208656, 'atr_mult': 2.934225643778439, 'sl_atr': 5.2, 'tp_atr': 4.5, 'max_bars_hold': 92}"
244,CAPITULATION,26.07,72.29,2.914,86.353,"{'strategy_type': 'CAPITULATION', 'b_lower': 0.0023296690844371443, 'b_upper': 0.9203361898953527, 'b_trigger_l': 0.18882616856209694, 'b_trigger_s': 0.8455345628492182, 'vol_mult': 2.7204953319438627, 'atr_mult': 2.956372970154223, 'sl_atr': 5.0, 'tp_atr': 4.6, 'max_bars_hold': 92}"
245,CAPITULATION,50.13,79.28,140.57,296.888,"{'strategy_type': 'CAPITULATION', 'b_lower': 0.0037319001352464024, 'b_upper': 0.9178219068126451, 'b_trigger_l': 0.190783583884743, 'b_trigger_s': 0.836475132468644, 'vol_mult': 2.791283067284084, 'atr_mult': 2.9969028812167124, 'sl_atr': 5.2, 'tp_atr': 4.2, 'max_bars_hold': 90}"
246,CAPITULATION,50.25,80.0,1.77,158.52,"{'strategy_type': 'CAPITULATION', 'b_lower': 0.004630770241662621, 'b_upper': 0.9268907240157153, 'b_trigger_l': 0.19156379893167202, 'b_trigger_s': 0.8519011997643734, 'vol_mult': 2.872405703373117, 'atr_mult': 2.9947651805458317, 'sl_atr': 5.2, 'tp_atr': 4.1, 'max_bars_hold': 89}"
247,CAPITULATION,25.63,68.33,142.854,224.577,"{'strategy_type': 'CAPITULATION', 'b_lower': 0.0028719010256996694, 'b_upper': 0.9178918244833458, 'b_trigger_l': 0.18870568620765338, 'b_trigger_s': 0.8395648454483591, 'vol_mult': 2.7945776880291238, 'atr_mult': 2.960648123608374, 'sl_atr': 5.2, 'tp_atr': 4.3, 'max_bars_hold': 72}"
248,CAPITULATION,25.73,66.56,128.448,210.294,"{'strategy_type': 'CAPITULATION', 'b_lower': 8.76959120299425e-05, 'b_upper': 0.9145065812568511, 'b_trigger_l': 0.19576595710410843, 'b_trigger_s': 0.8469577031790052, 'vol_mult': 2.833284953222457, 'atr_mult': 2.921564854976975, 'sl_atr': 4.9, 'tp_atr': 3.9, 'max_bars_hold': 64}"
249,CAPITULATION,50.08,79.28,1.398,157.566,"{'strategy_type': 'CAPITULATION', 'b_lower': 0.005381135405987191, 'b_upper': 0.9187692309298241, 'b_trigger_l': 0.1913640703027212, 'b_trigger_s': 0.8337006120435785, 'vol_mult': 2.913888156557432, 'atr_mult': 2.9985101012205666, 'sl_atr': 5.1, 'tp_atr': 4.2, 'max_bars_hold': 88}"
251,CAPITULATION,26.32,75.46,2.55,87.056,"{'strategy_type': 'CAPITULATION', 'b_lower': 0.010100407347179707, 'b_upper': 0.9222360736784143, 'b_trigger_l': 0.1978705766807947, 'b_trigger_s': 0.9163932899086012, 'vol_mult': 2.6932046291758445, 'atr_mult': 2.89201726311699, 'sl_atr': 5.2, 'tp_atr': 4.7, 'max_bars_hold': 90}"
252,CAPITULATION,25.99,68.68,136.682,219.52,"{'strategy_type': 'CAPITULATION', 'b_lower': 0.003122337043321409, 'b_upper': 0.9169122531017116, 'b_trigger_l': 0.18685675854879244, 'b_trigger_s': 0.9299064414804376, 'vol_mult': 2.7737554507281565, 'atr_mult': 2.960971646391988, 'sl_atr': 5.0, 'tp_atr': 4.1, 'max_bars_hold': 93}"
253,CAPITULATION,25.97,75.62,143.105,226.577,"{'strategy_type': 'CAPITULATION', 'b_lower': 0.0019342302144991117, 'b_upper': 0.9131517922296883, 'b_trigger_l': 0.19333616564275757, 'b_trigger_s': 0.8423851013634597, 'vol_mult': 2.7206621089141034, 'atr_mult': 2.9407157391990597, 'sl_atr': 5.4, 'tp_atr': 4.3, 'max_bars_hold': 88}"
254,CAPITULATION,0.8,49.25,1.873,7.198,"{'strategy_type': 'CAPITULATION', 'b_lower': 0.0059995910130706456, 'b_upper': 0.919510995426474, 'b_trigger_l': 0.19966604324861367, 'b_trigger_s': 0.8372108388364683, 'vol_mult': 2.8072299375971355, 'atr_mult': 1.8193413028898096, 'sl_atr': 5.5, 'tp_atr': 4.5, 'max_bars_hold': 86}"
255,CAPITULATION,50.08,79.28,147.795,303.963,"{'strategy_type': 'CAPITULATION', 'b_lower': 0.007537601465872309, 'b_upper': 0.9209969202363436, 'b_trigger_l': 0.19044179516153134, 'b_trigger_s': 0.8358076944781788, 'vol_mult': 2.7518946550674896, 'atr_mult': 2.99882324198583, 'sl_atr': 5.3, 'tp_atr': 4.4, 'max_bars_hold': 91}"
256,CAPITULATION,26.11,72.29,132.557,216.116,"{'strategy_type': 'CAPITULATION', 'b_lower': 0.007434932976446908, 'b_upper': 0.9214794543048009, 'b_trigger_l': 0.18619492763898268, 'b_trigger_s': 0.835844078842317, 'vol_mult': 2.690764993344973, 'atr_mult': 2.972933076157241, 'sl_atr': 5.2, 'tp_atr': 4.0, 'max_bars_hold': 91}"
257,CAPITULATION,2.26,55.83,139.865,150.228,"{'strategy_type': 'CAPITULATION', 'b_lower': 0.009001120210273543, 'b_upper': 0.9230744054769706, 'b_trigger_l': 0.18960031805210914, 'b_trigger_s': 0.8329411483001126, 'vol_mult': 2.7384295616886876, 'atr_mult': 2.405197436881005, 'sl_atr': 5.3, 'tp_atr': 4.2, 'max_bars_hold': 93}"
258,CAPITULATION,31.06,70.0,148.221,246.401,"{'strategy_type': 'CAPITULATION', 'b_lower': 0.003906502049665326, 'b_upper': 0.9140969891868035, 'b_trigger_l': 0.18123607146327717, 'b_trigger_s': 0.8392173548659508, 'vol_mult': 2.670004121734313, 'atr_mult': 2.996278292699769, 'sl_atr': 5.1, 'tp_atr': 4.4, 'max_bars_hold': 96}"
259,CAPITULATION,32.92,70.62,144.834,248.656,"{'strategy_type': 'CAPITULATION', 'b_lower': 0.0034839951803251877, 'b_upper': 0.9138879603276767, 'b_trigger_l': 0.1815156801569239, 'b_trigger_s': 0.8388171051594152, 'vol_mult': 2.67787978114332, 'atr_mult': 2.9895294347120474, 'sl_atr': 5.2, 'tp_atr': 4.3, 'max_bars_hold': 99}"
260,CAPITULATION,2.53,59.11,1.461,12.962,"{'strategy_type': 'CAPITULATION', 'b_lower': 0.0036354060032755273, 'b_upper': 0.9132655294332769, 'b_trigger_l': 0.183189971975607, 'b_trigger_s': 0.83979880446417, 'vol_mult': 1.3685798776578615, 'atr_mult': 2.9745554055075965, 'sl_atr': 5.1, 'tp_atr': 4.4, 'max_bars_hold': 100}"
261,CAPITULATION,25.91,68.12,136.342,218.884,"{'strategy_type': 'CAPITULATION', 'b_lower': 0.001468555794426699, 'b_upper': 0.9156861140039032, 'b_trigger_l': 0.1855565220197764, 'b_trigger_s': 0.835767181767007, 'vol_mult': 2.661000555851938, 'atr_mult': 2.9706622584732445, 'sl_atr': 5.0, 'tp_atr': 4.1, 'max_bars_hold': 98}"
262,CAPITULATION,40.63,73.75,130.287,257.552,"{'strategy_type': 'CAPITULATION', 'b_lower': 0.007051286894412997, 'b_upper': 0.9142123621572453, 'b_trigger_l': 0.1911712155614542, 'b_trigger_s': 0.8385157766835593, 'vol_mult': 2.688266103600481, 'atr_mult': 2.997769780818269, 'sl_atr': 4.8, 'tp_atr': 3.9, 'max_bars_hold': 96}"
263,CAPITULATION,33.46,74.38,126.315,232.133,"{'strategy_type': 'CAPITULATION', 'b_lower': 0.012221119664526166, 'b_upper': 0.9142828393079275, 'b_trigger_l': 0.1896329455385117, 'b_trigger_s': 0.8380545439287035, 'vol_mult': 2.6979120362266165, 'atr_mult': 2.9916299710562955, 'sl_atr': 5.0, 'tp_atr': 3.8, 'max_bars_hold': 97}"
264,CAPITULATION,26.04,68.12,122.13,205.062,"{'strategy_type': 'CAPITULATION', 'b_lower': 0.0072717290436811206, 'b_upper': 0.9115666451866058, 'b_trigger_l': 0.1820931045159868, 'b_trigger_s': 0.8409659168480371, 'vol_mult': 2.672724568045097, 'atr_mult': 2.9417469303428847, 'sl_atr': 4.8, 'tp_atr': 3.7, 'max_bars_hold': 99}"
266,CAPITULATION,29.11,67.5,133.451,225.531,"{'strategy_type': 'CAPITULATION', 'b_lower': 0.003435798602108473, 'b_upper': 0.9167252046131475, 'b_trigger_l': 0.18744397078628694, 'b_trigger_s': 0.8378858468227544, 'vol_mult': 2.758267148497877, 'atr_mult': 2.9950809049737486, 'sl_atr': 5.2, 'tp_atr': 4.0, 'max_bars_hold': 96}"
267,CAPITULATION,33.6,73.75,140.948,247.123,"{'strategy_type': 'CAPITULATION', 'b_lower': 1.194716848004285e-05, 'b_upper': 0.9093863609757409, 'b_trigger_l': 0.19169032650543524, 'b_trigger_s': 0.840548097943399, 'vol_mult': 2.723232192394703, 'atr_mult': 2.999322063466917, 'sl_atr': 5.1, 'tp_atr': 4.2, 'max_bars_hold': 95}"
268,CAPITULATION,62.34,74.38,116.093,308.551,"{'strategy_type': 'CAPITULATION', 'b_lower': 0.00013933533046345346, 'b_upper': 0.9060310991953051, 'b_trigger_l': 0.1918926817184387, 'b_trigger_s': 0.8444807457402596, 'vol_mult': 2.7264560308893024, 'atr_mult': 2.9947778918409407, 'sl_atr': 4.9, 'tp_atr': 3.5, 'max_bars_hold': 99}"
269,CAPITULATION,64.2,74.38,123.3,321.338,"{'strategy_type': 'CAPITULATION', 'b_lower': 0.0016551268298680092, 'b_upper': 0.9057285636161048, 'b_trigger_l': 0.19190769782907854, 'b_trigger_s': 0.8437524102568743, 'vol_mult': 2.716618859997006, 'atr_mult': 2.9945932567720446, 'sl_atr': 4.9, 'tp_atr': 3.7, 'max_bars_hold': 99}"
270,CAPITULATION,43.8,73.75,119.566,256.341,"{'strategy_type': 'CAPITULATION', 'b_lower': 0.0013113823489424527, 'b_upper': 0.9078416775768223, 'b_trigger_l': 0.19082753489683246, 'b_trigger_s': 0.8450004459800197, 'vol_mult': 2.7217500719118597, 'atr_mult': 2.9993448707491113, 'sl_atr': 4.8, 'tp_atr': 3.6, 'max_bars_hold': 100}"
272,CAPITULATION,47.88,71.67,123.37,272.177,"{'strategy_type': 'CAPITULATION', 'b_lower': 4.6056325136438654e-05, 'b_upper': 0.9000911298956245, 'b_trigger_l': 0.192445443273133, 'b_trigger_s': 0.8455044602005687, 'vol_mult': 2.7339099758476704, 'atr_mult': 2.995449365931802, 'sl_atr': 4.7, 'tp_atr': 3.7, 'max_bars_hold': 99}"
273,CAPITULATION,29.56,72.29,119.153,213.062,"{'strategy_type': 'CAPITULATION', 'b_lower': 0.0003474038440989271, 'b_upper': 0.9006907849803867, 'b_trigger_l': 0.19262069801323037, 'b_trigger_s': 0.8491105509951622, 'vol_mult': 2.7590543294235594, 'atr_mult': 2.992464337587578, 'sl_atr': 4.7, 'tp_atr': 3.6, 'max_bars_hold': 98}"
274,CAPITULATION,35.47,72.29,108.833,220.472,"{'strategy_type': 'CAPITULATION', 'b_lower': 0.0012526386949566989, 'b_upper': 0.9043934233736292, 'b_trigger_l': 0.19294021140904533, 'b_trigger_s': 0.8441569916338607, 'vol_mult': 2.7290718104011673, 'atr_mult': 2.991440100699819, 'sl_atr': 4.6, 'tp_atr': 3.3, 'max_bars_hold': 100}"
275,CAPITULATION,35.56,70.95,112.106,223.881,"{'strategy_type': 'CAPITULATION', 'b_lower': 0.0004832711983699849, 'b_upper': 0.9085032733821383, 'b_trigger_l': 0.19386617471610634, 'b_trigger_s': 0.8415764324359126, 'vol_mult': 2.769052298802145, 'atr_mult': 2.9997263939047736, 'sl_atr': 4.7, 'tp_atr': 3.4, 'max_bars_hold': 100}"
276,CAPITULATION,1.12,52.77,113.969,120.606,"{'strategy_type': 'CAPITULATION', 'b_lower': 0.005187865053943577, 'b_upper': 0.9023728859832401, 'b_trigger_l': 0.19111264912035159, 'b_trigger_s': 0.8459375111824812, 'vol_mult': 2.7037948520565087, 'atr_mult': 2.513829520865807, 'sl_atr': 4.8, 'tp_atr': 3.5, 'max_bars_hold': 99}"
278,CAPITULATION,25.74,65.0,125.325,207.045,"{'strategy_type': 'CAPITULATION', 'b_lower': 9.606699823249201e-05, 'b_upper': 0.9455529433652833, 'b_trigger_l': 0.1873060705414694, 'b_trigger_s': 0.8418570108555312, 'vol_mult': 2.7359370729193677, 'atr_mult': 2.9635285497969948, 'sl_atr': 4.8, 'tp_atr': 3.8, 'max_bars_hold': 98}"
279,CAPITULATION,33.89,71.67,122.786,229.623,"{'strategy_type': 'CAPITULATION', 'b_lower': 0.011039875928670919, 'b_upper': 0.9098265693232802, 'b_trigger_l': 0.1953553232981283, 'b_trigger_s': 0.8475381001213261, 'vol_mult': 2.782021370961117, 'atr_mult': 2.998135476349691, 'sl_atr': 5.0, 'tp_atr': 3.7, 'max_bars_hold': 96}"
280,CAPITULATION,14.84,65.62,119.38,168.462,"{'strategy_type': 'CAPITULATION', 'b_lower': 0.003787620287252578, 'b_upper': 0.9061400934734172, 'b_trigger_l': 0.19135332733437144, 'b_trigger_s': 0.9066795958525901, 'vol_mult': 2.7020743361675903, 'atr_mult': 2.997955093690592, 'sl_atr': 4.9, 'tp_atr': 3.6, 'max_bars_hold': 98}"
281,CAPITULATION,25.74,67.5,121.792,203.762,"{'strategy_type': 'CAPITULATION', 'b_lower': 0.0072668814539475265, 'b_upper': 0.9099877471174384, 'b_trigger_l': 0.19393987223320286, 'b_trigger_s': 0.8401729860031687, 'vol_mult': 2.8339344859806443, 'atr_mult': 2.9569157299842592, 'sl_atr': 4.5, 'tp_atr': 3.7, 'max_bars_hold': 100}"
282,CAPITULATION,25.8,68.12,121.572,203.784,"{'strategy_type': 'CAPITULATION', 'b_lower': 0.01972411119533128, 'b_upper': 0.9121318964723104, 'b_trigger_l': 0.19601465175644026, 'b_trigger_s': 0.8503923056318886, 'vol_mult': 2.75672710355399, 'atr_mult': 2.963144797094607, 'sl_atr': 4.9, 'tp_atr': 3.7, 'max_bars_hold': 96}"
284,CAPITULATION,29.48,70.95,111.664,205.199,"{'strategy_type': 'CAPITULATION', 'b_lower': 0.009071333158337655, 'b_upper': 0.9039857820446373, 'b_trigger_l': 0.18890104587446954, 'b_trigger_s': 0.8395362128164638, 'vol_mult': 2.787494650929711, 'atr_mult': 2.9973678945275783, 'sl_atr': 4.9, 'tp_atr': 3.4, 'max_bars_hold': 97}"
285,CAPITULATION,25.73,68.12,107.444,189.446,"{'strategy_type': 'CAPITULATION', 'b_lower': 0.002589207115139427, 'b_upper': 0.9008899383235666, 'b_trigger_l': 0.1916738725243268, 'b_trigger_s': 0.8366104180595585, 'vol_mult': 2.733616651960679, 'atr_mult': 2.954264659672935, 'sl_atr': 5.1, 'tp_atr': 3.3, 'max_bars_hold': 99}"
286,CAPITULATION,26.03,70.0,129.043,212.133,"{'strategy_type': 'CAPITULATION', 'b_lower': 0.005967043659588632, 'b_upper': 0.9273520405615284, 'b_trigger_l': 0.19582376887920916, 'b_trigger_s': 0.8432246695499509, 'vol_mult': 2.7087340140014584, 'atr_mult': 2.9571140353317538, 'sl_atr': 4.6, 'tp_atr': 3.9, 'max_bars_hold': 97}"
287,CAPITULATION,25.68,65.0,125.099,206.639,"{'strategy_type': 'CAPITULATION', 'b_lower': 0.003862311303769445, 'b_upper': 0.909281833045241, 'b_trigger_l': 0.188631936318232, 'b_trigger_s': 0.846415427041868, 'vol_mult': 2.781386617095044, 'atr_mult': 2.9138919856201033, 'sl_atr': 5.0, 'tp_atr': 3.8, 'max_bars_hold': 96}"
288,CAPITULATION,27.63,66.78,133.549,221.117,"{'strategy_type': 'CAPITULATION', 'b_lower': 0.0001446562827339716, 'b_upper': 0.9134320332763507, 'b_trigger_l': 0.18527413115647304, 'b_trigger_s': 0.840576742259914, 'vol_mult': 2.8376580794513235, 'atr_mult': 2.9994166779616536, 'sl_atr': 5.0, 'tp_atr': 4.0, 'max_bars_hold': 95}"
290,CAPITULATION,29.7,73.34,115.19,209.624,"{'strategy_type': 'CAPITULATION', 'b_lower': 0.06868604712353264, 'b_upper': 0.9060362843723797, 'b_trigger_l': 0.1922839919028678, 'b_trigger_s': 0.8361208172736565, 'vol_mult': 2.745189797369342, 'atr_mult': 2.9991643713091762, 'sl_atr': 5.2, 'tp_atr': 3.5, 'max_bars_hold': 97}"
291,CAPITULATION,8.31,68.33,5.865,35.628,"{'strategy_type': 'CAPITULATION', 'b_lower': 0.0022497672475138364, 'b_upper': 0.9536128228837498, 'b_trigger_l': 0.19666520648965324, 'b_trigger_s': 0.8437917884024115, 'vol_mult': 1.8797293666781913, 'atr_mult': 2.938820813432951, 'sl_atr': 5.1, 'tp_atr': 4.2, 'max_bars_hold': 94}"
292,CAPITULATION,25.74,64.06,103.949,185.575,"{'strategy_type': 'CAPITULATION', 'b_lower': 0.006031211087323971, 'b_upper': 0.9111694258311915, 'b_trigger_l': 0.19065571356879413, 'b_trigger_s': 0.8385105327494272, 'vol_mult': 2.669078335278023, 'atr_mult': 2.958773413373065, 'sl_atr': 2.5, 'tp_atr': 3.2, 'max_bars_hold': 52}"
293,CAPITULATION,25.64,67.08,0.366,81.994,"{'strategy_type': 'CAPITULATION', 'b_lower': 0.008232187315151903, 'b_upper': 0.9156617994334639, 'b_trigger_l': 0.19444710520893768, 'b_trigger_s': 0.8415658959999849, 'vol_mult': 2.875805544271109, 'atr_mult': 2.924251353553605, 'sl_atr': 5.1, 'tp_atr': 3.8, 'max_bars_hold': 45}"
294,CAPITULATION,12.74,63.66,130.402,172.988,"{'strategy_type': 'CAPITULATION', 'b_lower': 0.004304260722677299, 'b_upper': 0.9083118198458963, 'b_trigger_l': 0.18756353554738167, 'b_trigger_s': 0.9493139614443313, 'vol_mult': 2.7050893408965413, 'atr_mult': 2.9993470108037745, 'sl_atr': 4.9, 'tp_atr': 3.9, 'max_bars_hold': 98}"
295,CAPITULATION,25.81,70.62,135.962,218.454,"{'strategy_type': 'CAPITULATION', 'b_lower': 0.001998608510435794, 'b_upper': 0.9116780402321044, 'b_trigger_l': 0.18473299146758912, 'b_trigger_s': 0.8478494145544708, 'vol_mult': 2.787856879351776, 'atr_mult': 2.9594349389218744, 'sl_atr': 5.2, 'tp_atr': 4.1, 'max_bars_hold': 94}"
297,CAPITULATION,25.45,60.42,2.924,83.316,"{'strategy_type': 'CAPITULATION', 'b_lower': 0.00458106591294915, 'b_upper': 0.9209519885984611, 'b_trigger_l': 0.19783863562234866, 'b_trigger_s': 0.8361169241524451, 'vol_mult': 2.7388898921734905, 'atr_mult': 2.8952924716355612, 'sl_atr': 5.0, 'tp_atr': 3.6, 'max_bars_hold': 23}"
298,CAPITULATION,25.67,67.5,132.226,213.986,"{'strategy_type': 'CAPITULATION', 'b_lower': 0.014441046771855787, 'b_upper': 0.9138715370685646, 'b_trigger_l': 0.19225762998445112, 'b_trigger_s': 0.84426435779435, 'vol_mult': 2.8080233348403216, 'atr_mult': 2.959290639681932, 'sl_atr': 5.3, 'tp_atr': 4.0, 'max_bars_hold': 95}"
299,CAPITULATION,26.03,70.79,143.588,226.757,"{'strategy_type': 'CAPITULATION', 'b_lower': 0.037331374715658144, 'b_upper': 0.9175557637381667, 'b_trigger_l': 0.18923334858744703, 'b_trigger_s': 0.8522320742282076, 'vol_mult': 2.660874790527785, 'atr_mult': 2.917284626275481, 'sl_atr': 5.2, 'tp_atr': 4.3, 'max_bars_hold': 98}"
300,CAPITULATION,25.94,70.62,2.459,85.341,"{'strategy_type': 'CAPITULATION', 'b_lower': 0.006810933868787483, 'b_upper': 0.9099886024983219, 'b_trigger_l': 0.1942500254918317, 'b_trigger_s': 0.8339794538279989, 'vol_mult': 2.694117036592882, 'atr_mult': 2.9629423591627475, 'sl_atr': 5.1, 'tp_atr': 7.4, 'max_bars_hold': 96}"
301,CAPITULATION,25.75,70.0,136.038,218.288,"{'strategy_type': 'CAPITULATION', 'b_lower': 0.010448097856632303, 'b_upper': 0.9238499531537439, 'b_trigger_l': 0.18157960020935646, 'b_trigger_s': 0.8395271466480007, 'vol_mult': 2.7573291543729495, 'atr_mult': 2.9164586006030966, 'sl_atr': 5.0, 'tp_atr': 4.1, 'max_bars_hold': 94}"
302,CAPITULATION,25.72,65.0,143.495,225.155,"{'strategy_type': 'CAPITULATION', 'b_lower': 0.0018721751838422932, 'b_upper': 0.9152647275609057, 'b_trigger_l': 0.18522662055076403, 'b_trigger_s': 0.8408221298213118, 'vol_mult': 2.828324753830875, 'atr_mult': 2.961758833415683, 'sl_atr': 4.6, 'tp_atr': 4.3, 'max_bars_hold': 97}"
304,CAPITULATION,1.74,61.21,1.87,11.211,"{'strategy_type': 'CAPITULATION', 'b_lower': 0.0035393653523427228, 'b_upper': 0.9037731491044643, 'b_trigger_l': 0.10834159500908155, 'b_trigger_s': 0.8375793055218105, 'vol_mult': 2.2163299223139727, 'atr_mult': 2.9324417748197087, 'sl_atr': 5.3, 'tp_atr': 3.9, 'max_bars_hold': 94}"
305,CAPITULATION,44.34,58.75,125.671,262.566,"{'strategy_type': 'CAPITULATION', 'b_lower': 6.662735852720064e-05, 'b_upper': 0.9129618653020707, 'b_trigger_l': 0.19057975735945615, 'b_trigger_s': 0.8451483071151911, 'vol_mult': 2.719034570317722, 'atr_mult': 2.99908197727203, 'sl_atr': 1.5, 'tp_atr': 3.7, 'max_bars_hold': 100}"
306,CAPITULATION,25.71,47.71,126.637,206.538,"{'strategy_type': 'CAPITULATION', 'b_lower': 6.058686726113471e-05, 'b_upper': 0.9055846733384195, 'b_trigger_l': 0.19655355755468445, 'b_trigger_s': 0.8489404374122627, 'vol_mult': 2.736280657076935, 'atr_mult': 2.997289023006849, 'sl_atr': 1.1, 'tp_atr': 3.7, 'max_bars_hold': 100}"
307,CAPITULATION,1.73,53.12,1.515,10.017,"{'strategy_type': 'CAPITULATION', 'b_lower': 0.0013772736929731438, 'b_upper': 0.9121078182044564, 'b_trigger_l': 0.09080282070485647, 'b_trigger_s': 0.8457386785910219, 'vol_mult': 2.652446112769545, 'atr_mult': 2.9700039684591846, 'sl_atr': 1.6, 'tp_atr': 3.5, 'max_bars_hold': 100}"
308,CAPITULATION,29.59,65.95,125.641,219.006,"{'strategy_type': 'CAPITULATION', 'b_lower': 0.002605546386346095, 'b_upper': 0.9074465491717089, 'b_trigger_l': 0.19297553134318737, 'b_trigger_s': 0.844460023026022, 'vol_mult': 2.786796786943636, 'atr_mult': 2.999897866380692, 'sl_atr': 1.6, 'tp_atr': 3.7, 'max_bars_hold': 98}"
309,CAPITULATION,25.98,65.62,2.449,84.951,"{'strategy_type': 'CAPITULATION', 'b_lower': 0.008421121153206009, 'b_upper': 0.9136105342660431, 'b_trigger_l': 0.18737418343141884, 'b_trigger_s': 0.8504436466384888, 'vol_mult': 2.759218353066063, 'atr_mult': 2.878177321714243, 'sl_atr': 4.3, 'tp_atr': 6.3, 'max_bars_hold': 96}"
310,CAPITULATION,25.74,67.5,0.969,82.939,"{'strategy_type': 'CAPITULATION', 'b_lower': 0.005833244283672832, 'b_upper': 0.9099021180938106, 'b_trigger_l': 0.19747661867638644, 'b_trigger_s': 0.834722959757385, 'vol_mult': 2.8538099675527344, 'atr_mult': 2.964659562467988, 'sl_atr': 4.8, 'tp_atr': 4.0, 'max_bars_hold': 100}"
311,CAPITULATION,25.96,53.61,144.84,226.081,"{'strategy_type': 'CAPITULATION', 'b_lower': 0.05745415899172157, 'b_upper': 0.9148206119047918, 'b_trigger_l': 0.18366495883924075, 'b_trigger_s': 0.842468665455481, 'vol_mult': 2.7142449790172196, 'atr_mult': 2.9060153721203346, 'sl_atr': 1.3, 'tp_atr': 4.2, 'max_bars_hold': 97}"
312,CAPITULATION,32.68,67.08,121.962,224.71,"{'strategy_type': 'CAPITULATION', 'b_lower': 0.0003880153325066351, 'b_upper': 0.9569126695322171, 'b_trigger_l': 0.19121184189356547, 'b_trigger_s': 0.8551703019582818, 'vol_mult': 2.6788981073697133, 'atr_mult': 2.996970754862315, 'sl_atr': 1.6, 'tp_atr': 3.6, 'max_bars_hold': 98}"
313,CAPITULATION,30.65,59.17,129.758,225.625,"{'strategy_type': 'CAPITULATION', 'b_lower': 0.046006389990028075, 'b_upper': 0.9398565440899875, 'b_trigger_l': 0.1942948275134871, 'b_trigger_s': 0.9262603444168858, 'vol_mult': 2.807407381164553, 'atr_mult': 2.9999919381815086, 'sl_atr': 1.5, 'tp_atr': 3.8, 'max_bars_hold': 95}"
314,CAPITULATION,25.95,66.37,138.774,221.261,"{'strategy_type': 'CAPITULATION', 'b_lower': 0.0033942973887674983, 'b_upper': 0.9197252830105216, 'b_trigger_l': 0.1879731106644704, 'b_trigger_s': 0.8469553270039698, 'vol_mult': 2.64538780544452, 'atr_mult': 2.934380463448765, 'sl_atr': 1.9, 'tp_atr': 4.1, 'max_bars_hold': 56}"
316,CAPITULATION,25.63,67.2,92.753,174.363,"{'strategy_type': 'CAPITULATION', 'b_lower': 0.0019832568462094203, 'b_upper': 0.9081919313095131, 'b_trigger_l': 0.1997818257827056, 'b_trigger_s': 0.8429169252895936, 'vol_mult': 2.734632421323797, 'atr_mult': 2.9597087099646693, 'sl_atr': 4.7, 'tp_atr': 2.9, 'max_bars_hold': 98}"
317,CAPITULATION,0.95,50.56,2.764,8.67,"{'strategy_type': 'CAPITULATION', 'b_lower': 0.00697339629773383, 'b_upper': 0.9118912515838269, 'b_trigger_l': 0.1808026447064515, 'b_trigger_s': 0.8383117596193185, 'vol_mult': 2.7777033382013117, 'atr_mult': 2.0759565574056285, 'sl_atr': 4.9, 'tp_atr': 4.2, 'max_bars_hold': 94}"
318,CAPITULATION,11.93,61.13,144.984,184.887,"{'strategy_type': 'CAPITULATION', 'b_lower': 0.0001114955466227838, 'b_upper': 0.9158229264472858, 'b_trigger_l': 0.1902556218646182, 'b_trigger_s': 0.9389330914366742, 'vol_mult': 2.692564721584887, 'atr_mult': 2.8947395227356343, 'sl_atr': 3.6, 'tp_atr': 4.3, 'max_bars_hold': 99}"
319,CAPITULATION,29.44,68.2,0.667,93.807,"{'strategy_type': 'CAPITULATION', 'b_lower': 0.004785668463478322, 'b_upper': 0.9294148008275572, 'b_trigger_l': 0.19505871303762679, 'b_trigger_s': 0.83375688275666, 'vol_mult': 2.9129855566985374, 'atr_mult': 2.9995255970260217, 'sl_atr': 5.3, 'tp_atr': 4.0, 'max_bars_hold': 69}"
321,CAPITULATION,25.72,64.06,143.331,224.897,"{'strategy_type': 'CAPITULATION', 'b_lower': 0.00941972272494588, 'b_upper': 0.9014658320089888, 'b_trigger_l': 0.1872606021836164, 'b_trigger_s': 0.8418098040650104, 'vol_mult': 2.7449287965012816, 'atr_mult': 2.9412383035383938, 'sl_atr': 5.0, 'tp_atr': 4.3, 'max_bars_hold': 96}"
322,CAPITULATION,25.8,67.5,111.57,193.72,"{'strategy_type': 'CAPITULATION', 'b_lower': 0.003680807592435261, 'b_upper': 0.9041072053760311, 'b_trigger_l': 0.19275246517349093, 'b_trigger_s': 0.8464231020322046, 'vol_mult': 2.8199295861110323, 'atr_mult': 2.9612672433282548, 'sl_atr': 2.7, 'tp_atr': 3.4, 'max_bars_hold': 100}"
323,CAPITULATION,26.06,63.43,120.056,202.579,"{'strategy_type': 'CAPITULATION', 'b_lower': 0.002326193016397862, 'b_upper': 0.9504195577484081, 'b_trigger_l': 0.18430254025886575, 'b_trigger_s': 0.8369864182252406, 'vol_mult': 2.6706141924546194, 'atr_mult': 2.859022974578501, 'sl_atr': 1.8, 'tp_atr': 3.6, 'max_bars_hold': 91}"
324,CAPITULATION,10.13,64.44,132.462,167.296,"{'strategy_type': 'CAPITULATION', 'b_lower': 0.006465516540354321, 'b_upper': 0.9122606440035125, 'b_trigger_l': 0.12007901488558162, 'b_trigger_s': 0.8385061624204925, 'vol_mult': 2.7206217187220383, 'atr_mult': 2.9232966919031185, 'sl_atr': 5.2, 'tp_atr': 4.0, 'max_bars_hold': 95}"
325,CAPITULATION,31.11,69.17,1.003,99.25,"{'strategy_type': 'CAPITULATION', 'b_lower': 0.012371655471876585, 'b_upper': 0.9095391624966441, 'b_trigger_l': 0.1974941974370203, 'b_trigger_s': 0.8432643961787878, 'vol_mult': 2.8619691577836797, 'atr_mult': 2.999139490939682, 'sl_atr': 4.8, 'tp_atr': 4.4, 'max_bars_hold': 59}"
326,CAPITULATION,25.88,74.38,139.629,222.707,"{'strategy_type': 'CAPITULATION', 'b_lower': 0.005038406531615951, 'b_upper': 0.9057378241392934, 'b_trigger_l': 0.19016271760801418, 'b_trigger_s': 0.8495088980071904, 'vol_mult': 2.775005006023533, 'atr_mult': 2.9661109653784825, 'sl_atr': 5.3, 'tp_atr': 4.2, 'max_bars_hold': 93}"
327,CAPITULATION,7.86,60.42,125.276,152.898,"{'strategy_type': 'CAPITULATION', 'b_lower': 0.0016355384953154234, 'b_upper': 0.9209866225615648, 'b_trigger_l': 0.14833721944990833, 'b_trigger_s': 0.8347931546155061, 'vol_mult': 2.6331404273708388, 'atr_mult': 2.905029372911456, 'sl_atr': 5.1, 'tp_atr': 3.8, 'max_bars_hold': 97}"
329,CAPITULATION,25.94,68.12,143.78,226.412,"{'strategy_type': 'CAPITULATION', 'b_lower': 3.30460298725915e-05, 'b_upper': 0.9135425193326846, 'b_trigger_l': 0.18033497340701876, 'b_trigger_s': 0.8412553662912378, 'vol_mult': 2.7024504694611657, 'atr_mult': 2.965998850908455, 'sl_atr': 4.9, 'tp_atr': 4.3, 'max_bars_hold': 100}"
330,CAPITULATION,25.89,57.68,139.742,221.18,"{'strategy_type': 'CAPITULATION', 'b_lower': 0.007848865142252753, 'b_upper': 0.9373462261138971, 'b_trigger_l': 0.1948879694381046, 'b_trigger_s': 0.8449935689012648, 'vol_mult': 2.8175716775927033, 'atr_mult': 2.9209278089590636, 'sl_atr': 1.4, 'tp_atr': 4.1, 'max_bars_hold': 91}"
331,CAPITULATION,32.72,67.21,5.008,107.889,"{'strategy_type': 'CAPITULATION', 'b_lower': 0.003623131547068665, 'b_upper': 0.9437378156471956, 'b_trigger_l': 0.18613446056786742, 'b_trigger_s': 0.8396810714336825, 'vol_mult': 2.749517169061178, 'atr_mult': 2.9985884646744254, 'sl_atr': 2.1, 'tp_atr': 4.4, 'max_bars_hold': 41}"
332,CAPITULATION,25.49,64.06,110.246,191.122,"{'strategy_type': 'CAPITULATION', 'b_lower': 0.005504430573554851, 'b_upper': 0.9178808780926725, 'b_trigger_l': 0.19200982065409997, 'b_trigger_s': 0.8321609647688462, 'vol_mult': 2.6745232165995425, 'atr_mult': 2.944102097741528, 'sl_atr': 5.2, 'tp_atr': 3.4, 'max_bars_hold': 30}"
333,CAPITULATION,25.73,67.5,121.559,203.499,"{'strategy_type': 'CAPITULATION', 'b_lower': 0.0022720064956936823, 'b_upper': 0.9107225045256411, 'b_trigger_l': 0.18914274091270036, 'b_trigger_s': 0.8362436964195995, 'vol_mult': 2.7926072374543853, 'atr_mult': 2.8844572973013642, 'sl_atr': 5.0, 'tp_atr': 3.7, 'max_bars_hold': 98}"
334,CAPITULATION,26.12,71.18,129.77,213.248,"{'strategy_type': 'CAPITULATION', 'b_lower': 0.009974786270820924, 'b_upper': 0.9156832509997744, 'b_trigger_l': 0.19775386553212954, 'b_trigger_s': 0.8472927327622428, 'vol_mult': 2.718185103241068, 'atr_mult': 2.9637519808076616, 'sl_atr': 3.2, 'tp_atr': 3.9, 'max_bars_hold': 95}"
335,CAPITULATION,3.78,39.63,142.166,155.469,"{'strategy_type': 'CAPITULATION', 'b_lower': 6.172899460998946e-05, 'b_upper': 0.9138422143892875, 'b_trigger_l': 0.18261556296767623, 'b_trigger_s': 0.8521069690431778, 'vol_mult': 2.304746375380133, 'atr_mult': 2.9279567461359535, 'sl_atr': 0.9, 'tp_atr': 4.1, 'max_bars_hold': 93}"
336,CAPITULATION,35.46,70.95,3.46,114.935,"{'strategy_type': 'CAPITULATION', 'b_lower': 0.0038737258007216007, 'b_upper': 0.9075577318033271, 'b_trigger_l': 0.19354353317492673, 'b_trigger_s': 0.8394844705599502, 'vol_mult': 2.7637381300878108, 'atr_mult': 2.999196857713189, 'sl_atr': 4.4, 'tp_atr': 4.7, 'max_bars_hold': 96}"
337,CAPITULATION,26.1,72.29,147.157,230.686,"{'strategy_type': 'CAPITULATION', 'b_lower': 0.00726442432819338, 'b_upper': 0.9204348035224302, 'b_trigger_l': 0.18789603142259434, 'b_trigger_s': 0.843467821413835, 'vol_mult': 2.6339958807954864, 'atr_mult': 2.9571521564674845, 'sl_atr': 5.3, 'tp_atr': 4.4, 'max_bars_hold': 91}"
338,CAPITULATION,1.58,50.9,1.05,8.88,"{'strategy_type': 'CAPITULATION', 'b_lower': 0.0019854189682503437, 'b_upper': 0.9252869181992011, 'b_trigger_l': 0.06731431881383873, 'b_trigger_s': 0.8805603832441715, 'vol_mult': 2.096147362825435, 'atr_mult': 2.8551767016725984, 'sl_atr': 5.4, 'tp_atr': 4.3, 'max_bars_hold': 98}"
339,CAPITULATION,50.08,78.12,141.014,297.066,"{'strategy_type': 'CAPITULATION', 'b_lower': 0.011420721260459381, 'b_upper': 0.9183619172817608, 'b_trigger_l': 0.19995316372577351, 'b_trigger_s': 0.8599571994627725, 'vol_mult': 2.7166228496223686, 'atr_mult': 2.9996679839238736, 'sl_atr': 5.1, 'tp_atr': 4.2, 'max_bars_hold': 94}"
340,CAPITULATION,34.66,74.7,2.025,111.475,"{'strategy_type': 'CAPITULATION', 'b_lower': 0.011983846846795324, 'b_upper': 0.9109635290934669, 'b_trigger_l': 0.1995930443854053, 'b_trigger_s': 0.8373112041516089, 'vol_mult': 2.9497058337131676, 'atr_mult': 2.9998880047520546, 'sl_atr': 4.9, 'tp_atr': 3.9, 'max_bars_hold': 96}"
343,CAPITULATION,25.8,68.12,121.559,203.771,"{'strategy_type': 'CAPITULATION', 'b_lower': 0.009537617174732685, 'b_upper': 0.9062761728001016, 'b_trigger_l': 0.19992225474159525, 'b_trigger_s': 0.8583422314951947, 'vol_mult': 2.832559744212406, 'atr_mult': 2.966530424129333, 'sl_atr': 5.0, 'tp_atr': 3.7, 'max_bars_hold': 98}"
344,CAPITULATION,28.49,60.6,5.688,95.218,"{'strategy_type': 'CAPITULATION', 'b_lower': 0.008667615631489796, 'b_upper': 0.9091142204305054, 'b_trigger_l': 0.19580428506849093, 'b_trigger_s': 0.8339072864642666, 'vol_mult': 2.7488603776617775, 'atr_mult': 2.9994518204231344, 'sl_atr': 5.1, 'tp_atr': 4.0, 'max_bars_hold': 16}"
346,CAPITULATION,26.02,75.62,118.072,201.694,"{'strategy_type': 'CAPITULATION', 'b_lower': 0.020337625376542576, 'b_upper': 0.9028654747406964, 'b_trigger_l': 0.19691832310441756, 'b_trigger_s': 0.8421543378676025, 'vol_mult': 2.680855818417238, 'atr_mult': 2.960489827018806, 'sl_atr': 5.3, 'tp_atr': 3.6, 'max_bars_hold': 94}"
347,CAPITULATION,134.77,56.88,146.988,554.986,"{'strategy_type': 'CAPITULATION', 'b_lower': 0.014431984912695948, 'b_upper': 0.9126450730114247, 'b_trigger_l': 0.18455757913349471, 'b_trigger_s': 0.8646365422005512, 'vol_mult': 2.790807166365856, 'atr_mult': 2.909477709278203, 'sl_atr': 5.2, 'tp_atr': 4.4, 'max_bars_hold': 96}"
348,CAPITULATION,116.39,59.93,126.037,479.2,"{'strategy_type': 'CAPITULATION', 'b_lower': 0.015617528850291156, 'b_upper': 0.9126401077303137, 'b_trigger_l': 0.18408710306734735, 'b_trigger_s': 0.8609897994944387, 'vol_mult': 2.802926737722832, 'atr_mult': 2.9022472581526917, 'sl_atr': 2.9, 'tp_atr': 3.8, 'max_bars_hold': 97}"
349,CAPITULATION,71.57,57.84,0.461,218.955,"{'strategy_type': 'CAPITULATION', 'b_lower': 0.014772851010285243, 'b_upper': 0.9135110543134711, 'b_trigger_l': 0.1801820562729576, 'b_trigger_s': 0.8629252567166982, 'vol_mult': 2.8604219708598393, 'atr_mult': 2.878808977067601, 'sl_atr': 2.8, 'tp_atr': 3.5, 'max_bars_hold': 97}"
350,CAPITULATION,115.37,59.7,125.022,475.102,"{'strategy_type': 'CAPITULATION', 'b_lower': 0.01763510689336376, 'b_upper': 0.9005553216710925, 'b_trigger_l': 0.18497420316754815, 'b_trigger_s': 0.8610517014285375, 'vol_mult': 2.796559777173398, 'atr_mult': 2.8355275066939427, 'sl_atr': 4.8, 'tp_atr': 3.8, 'max_bars_hold': 96}"
351,CAPITULATION,115.36,58.58,124.771,474.709,"{'strategy_type': 'CAPITULATION', 'b_lower': 0.014080843663816713, 'b_upper': 0.9013374085737031, 'b_trigger_l': 0.18448857308375546, 'b_trigger_s': 0.8646992862809846, 'vol_mult': 2.8183769320990533, 'atr_mult': 2.8502819873896383, 'sl_atr': 4.7, 'tp_atr': 3.8, 'max_bars_hold': 96}"
352,CAPITULATION,77.87,58.04,0.952,238.366,"{'strategy_type': 'CAPITULATION', 'b_lower': 0.015795679903106197, 'b_upper': 0.9013403610844903, 'b_trigger_l': 0.18362837165954402, 'b_trigger_s': 0.860793611672569, 'vol_mult': 2.905846887552156, 'atr_mult': 2.871902595869908, 'sl_atr': 4.6, 'tp_atr': 3.8, 'max_bars_hold': 96}"
354,CAPITULATION,115.69,59.82,125.059,476.111,"{'strategy_type': 'CAPITULATION', 'b_lower': 0.01729763486024995, 'b_upper': 0.9007338329023911, 'b_trigger_l': 0.18467277608261728, 'b_trigger_s': 0.8727925345948079, 'vol_mult': 2.8416329714532265, 'atr_mult': 2.8062421349533846, 'sl_atr': 4.7, 'tp_atr': 3.8, 'max_bars_hold': 96}"
355,CAPITULATION,77.81,57.62,0.708,237.9,"{'strategy_type': 'CAPITULATION', 'b_lower': 0.018018053715602025, 'b_upper': 0.9001729985416158, 'b_trigger_l': 0.18556652707248328, 'b_trigger_s': 0.8660837935736665, 'vol_mult': 2.8460949868614964, 'atr_mult': 2.831645311772235, 'sl_atr': 4.7, 'tp_atr': 3.8, 'max_bars_hold': 96}"
356,CAPITULATION,9.69,59.28,114.036,147.034,"{'strategy_type': 'CAPITULATION', 'b_lower': 0.01704164631329195, 'b_upper': 0.9028385399984712, 'b_trigger_l': 0.18112701238338913, 'b_trigger_s': 0.8693040684423198, 'vol_mult': 2.813245205230199, 'atr_mult': 2.7762003513336273, 'sl_atr': 4.5, 'tp_atr': 3.5, 'max_bars_hold': 99}"
357,CAPITULATION,26.04,66.26,0.509,83.255,"{'strategy_type': 'CAPITULATION', 'b_lower': 0.019475399958298653, 'b_upper': 0.9038737427020769, 'b_trigger_l': 0.17871835247204304, 'b_trigger_s': 0.8617130344972624, 'vol_mult': 2.8843740773413824, 'atr_mult': 2.809291439064661, 'sl_atr': 4.8, 'tp_atr': 3.8, 'max_bars_hold': 95}"
358,CAPITULATION,108.79,59.17,117.437,447.724,"{'strategy_type': 'CAPITULATION', 'b_lower': 0.019126834636654363, 'b_upper': 0.9008584281742174, 'b_trigger_l': 0.18428903869438, 'b_trigger_s': 0.8721692471719814, 'vol_mult': 2.834852324934228, 'atr_mult': 2.8359611289970363, 'sl_atr': 4.6, 'tp_atr': 3.6, 'max_bars_hold': 97}"
359,CAPITULATION,105.5,57.32,114.035,434.267,"{'strategy_type': 'CAPITULATION', 'b_lower': 0.013919618228115611, 'b_upper': 0.9001206130158572, 'b_trigger_l': 0.18568741913988923, 'b_trigger_s': 0.8716979337820446, 'vol_mult': 2.831210251432161, 'atr_mult': 2.816645336107557, 'sl_atr': 4.6, 'tp_atr': 3.5, 'max_bars_hold': 97}"
360,CAPITULATION,5.98,60.12,0.531,22.483,"{'strategy_type': 'CAPITULATION', 'b_lower': 0.023565743787471834, 'b_upper': 0.9005068293589825, 'b_trigger_l': 0.1854414326668601, 'b_trigger_s': 0.871694424319842, 'vol_mult': 2.9262143392872924, 'atr_mult': 2.7539075093783087, 'sl_atr': 4.6, 'tp_atr': 3.3, 'max_bars_hold': 98}"
361,CAPITULATION,6.81,58.93,0.512,24.835,"{'strategy_type': 'CAPITULATION', 'b_lower': 0.02203799763921042, 'b_upper': 0.9000957949570029, 'b_trigger_l': 0.18833841167908458, 'b_trigger_s': 0.8723876938491403, 'vol_mult': 2.8596763207706872, 'atr_mult': 2.809363890809009, 'sl_atr': 4.5, 'tp_atr': 3.3, 'max_bars_hold': 100}"
362,CAPITULATION,73.41,57.81,0.296,224.307,"{'strategy_type': 'CAPITULATION', 'b_lower': 0.01428619486504903, 'b_upper': 0.9022649616388071, 'b_trigger_l': 0.18604255193460031, 'b_trigger_s': 0.86371648715115, 'vol_mult': 2.843894072356745, 'atr_mult': 2.836872913413376, 'sl_atr': 4.7, 'tp_atr': 3.6, 'max_bars_hold': 97}"
363,CAPITULATION,25.86,68.45,0.698,83.123,"{'strategy_type': 'CAPITULATION', 'b_lower': 0.01345326709857702, 'b_upper': 0.9000121427457248, 'b_trigger_l': 0.1899092090881097, 'b_trigger_s': 0.8764663626666355, 'vol_mult': 2.8876966562176976, 'atr_mult': 2.8430910512065264, 'sl_atr': 4.7, 'tp_atr': 3.5, 'max_bars_hold': 95}"
364,CAPITULATION,8.69,60.01,121.265,151.336,"{'strategy_type': 'CAPITULATION', 'b_lower': 0.016160053873768024, 'b_upper': 0.9022006655662405, 'b_trigger_l': 0.1837663721711633, 'b_trigger_s': 0.8671887824815286, 'vol_mult': 2.8137610674781874, 'atr_mult': 2.8075738014523672, 'sl_atr': 4.5, 'tp_atr': 3.7, 'max_bars_hold': 98}"
366,CAPITULATION,109.3,59.82,117.932,449.814,"{'strategy_type': 'CAPITULATION', 'b_lower': 0.015973078027813264, 'b_upper': 0.9043380396969626, 'b_trigger_l': 0.1870752964008069, 'b_trigger_s': 0.8643706444983271, 'vol_mult': 2.8008820003762143, 'atr_mult': 2.7828530995149774, 'sl_atr': 3.8, 'tp_atr': 3.6, 'max_bars_hold': 96}"
367,CAPITULATION,25.74,66.56,110.384,192.26,"{'strategy_type': 'CAPITULATION', 'b_lower': 0.01792959867684308, 'b_upper': 0.9040498544526171, 'b_trigger_l': 0.18645881110241605, 'b_trigger_s': 0.8594904635190856, 'vol_mult': 2.8337086901099444, 'atr_mult': 2.7039726864839024, 'sl_atr': 3.4, 'tp_atr': 3.4, 'max_bars_hold': 97}"
368,CAPITULATION,8.2,57.51,117.736,146.087,"{'strategy_type': 'CAPITULATION', 'b_lower': 0.014830742378686701, 'b_upper': 0.9025487617367727, 'b_trigger_l': 0.18800967515658437, 'b_trigger_s': 0.86573417291897, 'vol_mult': 2.7998189438354104, 'atr_mult': 2.815469727435442, 'sl_atr': 4.2, 'tp_atr': 3.6, 'max_bars_hold': 98}"
369,CAPITULATION,21.15,61.37,0.539,68.126,"{'strategy_type': 'CAPITULATION', 'b_lower': 0.016048063759586194, 'b_upper': 0.9045326688457329, 'b_trigger_l': 0.18278407381016137, 'b_trigger_s': 0.8708113008191901, 'vol_mult': 2.8755897757668643, 'atr_mult': 2.7738100003076904, 'sl_atr': 4.6, 'tp_atr': 3.6, 'max_bars_hold': 94}"
370,CAPITULATION,102.12,56.78,110.231,420.269,"{'strategy_type': 'CAPITULATION', 'b_lower': 0.01377118155569775, 'b_upper': 0.9017050372539591, 'b_trigger_l': 0.18543646933000715, 'b_trigger_s': 0.8641331811471326, 'vol_mult': 2.7907154951253874, 'atr_mult': 2.8333842893663057, 'sl_atr': 4.7, 'tp_atr': 3.4, 'max_bars_hold': 96}"
371,CAPITULATION,42.01,54.14,102.937,232.381,"{'strategy_type': 'CAPITULATION', 'b_lower': 0.01873427954380183, 'b_upper': 0.901616871772551, 'b_trigger_l': 0.1541547502942571, 'b_trigger_s': 0.8640615312297907, 'vol_mult': 2.8276999608518016, 'atr_mult': 2.7878890983021103, 'sl_atr': 4.7, 'tp_atr': 3.2, 'max_bars_hold': 96}"
372,CAPITULATION,28.21,66.08,107.274,196.512,"{'strategy_type': 'CAPITULATION', 'b_lower': 0.014699952360912864, 'b_upper': 0.9004332187533686, 'b_trigger_l': 0.18993850461485437, 'b_trigger_s': 0.8681341638952417, 'vol_mult': 2.8024167063180876, 'atr_mult': 2.7547325655156425, 'sl_atr': 3.9, 'tp_atr': 3.3, 'max_bars_hold': 94}"
373,CAPITULATION,69.31,57.2,0.37,212.02,"{'strategy_type': 'CAPITULATION', 'b_lower': 0.013050408028073899, 'b_upper': 0.9034861436201068, 'b_trigger_l': 0.18555798579316543, 'b_trigger_s': 0.8732436820440057, 'vol_mult': 2.923346960934245, 'atr_mult': 2.735950782949768, 'sl_atr': 4.6, 'tp_atr': 3.4, 'max_bars_hold': 96}"
374,CAPITULATION,25.65,68.22,96.295,178.067,"{'strategy_type': 'CAPITULATION', 'b_lower': 0.016853701803722358, 'b_upper': 0.9049143348354673, 'b_trigger_l': 0.19433639229481853, 'b_trigger_s': 0.8582537031750761, 'vol_mult': 2.7834892291211775, 'atr_mult': 2.8312242968539763, 'sl_atr': 2.3, 'tp_atr': 3.0, 'max_bars_hold': 93}"
376,CAPITULATION,75.65,57.81,0.329,231.06,"{'strategy_type': 'CAPITULATION', 'b_lower': 0.013003035103421967, 'b_upper': 0.9020499815645467, 'b_trigger_l': 0.18794629479075184, 'b_trigger_s': 0.8622383061078674, 'vol_mult': 2.8523483872985924, 'atr_mult': 2.8279767257319923, 'sl_atr': 4.4, 'tp_atr': 3.7, 'max_bars_hold': 97}"
377,CAPITULATION,22.13,66.56,0.577,71.623,"{'strategy_type': 'CAPITULATION', 'b_lower': 0.011941072667100034, 'b_upper': 0.9031513825807816, 'b_trigger_l': 0.19137941659534682, 'b_trigger_s': 0.8786013021111384, 'vol_mult': 2.9801487528457145, 'atr_mult': 2.8438368567048453, 'sl_atr': 4.8, 'tp_atr': 3.8, 'max_bars_hold': 94}"
378,CAPITULATION,1.11,51.32,1.445,7.907,"{'strategy_type': 'CAPITULATION', 'b_lower': 0.020675180651763145, 'b_upper': 0.9002063108627285, 'b_trigger_l': 0.19433671610498482, 'b_trigger_s': 0.8650473153701028, 'vol_mult': 1.104514228712918, 'atr_mult': 2.85122073819459, 'sl_atr': 4.8, 'tp_atr': 3.4, 'max_bars_hold': 99}"
380,CAPITULATION,25.93,63.75,128.606,232.771,"{'strategy_type': 'CAPITULATION', 'b_lower': 0.01573401861977769, 'b_upper': 0.9053691640900657, 'b_trigger_l': 0.18394286554097136, 'b_trigger_s': 0.8561607467712693, 'vol_mult': 2.784978607894761, 'atr_mult': 2.779498800492391, 'sl_atr': 4.5, 'tp_atr': 3.9, 'max_bars_hold': 95}"
381,CAPITULATION,115.82,59.17,125.151,476.528,"{'strategy_type': 'CAPITULATION', 'b_lower': 0.01733755578096431, 'b_upper': 0.9020282169532903, 'b_trigger_l': 0.17859442350680532, 'b_trigger_s': 0.8751368985521214, 'vol_mult': 2.8321539690904163, 'atr_mult': 2.865308316994455, 'sl_atr': 3.7, 'tp_atr': 3.8, 'max_bars_hold': 97}"
382,CAPITULATION,1.2,52.92,5.36,12.252,"{'strategy_type': 'CAPITULATION', 'b_lower': 0.022038002169769977, 'b_upper': 0.9001789422571996, 'b_trigger_l': 0.1876057055496455, 'b_trigger_s': 0.8742130853768646, 'vol_mult': 1.508765187632354, 'atr_mult': 2.6543627146229474, 'sl_atr': 4.7, 'tp_atr': 3.8, 'max_bars_hold': 97}"
383,CAPITULATION,5.25,60.31,0.318,20.099,"{'strategy_type': 'CAPITULATION', 'b_lower': 0.01693896552154215, 'b_upper': 0.9029572368151323, 'b_trigger_l': 0.18995115041557847, 'b_trigger_s': 0.8689146864783617, 'vol_mult': 2.881543740948037, 'atr_mult': 2.8588551072763466, 'sl_atr': 3.9, 'tp_atr': 3.2, 'max_bars_hold': 98}"
384,CAPITULATION,31.81,66.13,121.76,221.803,"{'strategy_type': 'CAPITULATION', 'b_lower': 0.013906617999567791, 'b_upper': 0.9020428857703129, 'b_trigger_l': 0.1964498148005723, 'b_trigger_s': 0.8668512712125354, 'vol_mult': 2.834318592025962, 'atr_mult': 2.7292003985070554, 'sl_atr': 3.8, 'tp_atr': 3.7, 'max_bars_hold': 94}"
385,CAPITULATION,105.88,59.23,114.438,436.001,"{'strategy_type': 'CAPITULATION', 'b_lower': 0.018037878063179504, 'b_upper': 0.9057433809018548, 'b_trigger_l': 0.1857896765631071, 'b_trigger_s': 0.8815401144148265, 'vol_mult': 2.7860820367337373, 'atr_mult': 2.809475119151139, 'sl_atr': 3.6, 'tp_atr': 3.5, 'max_bars_hold': 97}"
386,CAPITULATION,102.8,61.44,110.834,423.378,"{'strategy_type': 'CAPITULATION', 'b_lower': 0.018861435730233675, 'b_upper': 0.9049878756774632, 'b_trigger_l': 0.18335194395168689, 'b_trigger_s': 0.8845717511348458, 'vol_mult': 2.8206159162703948, 'atr_mult': 2.7945113249200078, 'sl_atr': 3.8, 'tp_atr': 3.4, 'max_bars_hold': 96}"
387,CAPITULATION,25.76,69.7,0.377,82.627,"{'strategy_type': 'CAPITULATION', 'b_lower': 0.018629159718879996, 'b_upper': 0.9050131987926868, 'b_trigger_l': 0.1778152358463087, 'b_trigger_s': 0.8791584357448124, 'vol_mult': 2.8901089231860273, 'atr_mult': 2.7891592238185132, 'sl_atr': 3.5, 'tp_atr': 3.1, 'max_bars_hold': 93}"
388,CAPITULATION,4.98,61.02,0.552,19.594,"{'strategy_type': 'CAPITULATION', 'b_lower': 0.020804580374161507, 'b_upper': 0.9038920862735599, 'b_trigger_l': 0.1295156547630884, 'b_trigger_s': 0.8850375949779916, 'vol_mult': 2.8513218607276185, 'atr_mult': 2.8074355830249655, 'sl_atr': 3.6, 'tp_atr': 3.3, 'max_bars_hold': 95}"
389,CAPITULATION,102.77,60.75,110.829,423.214,"{'strategy_type': 'CAPITULATION', 'b_lower': 0.01693558951176934, 'b_upper': 0.9058902139322292, 'b_trigger_l': 0.18053368294232938, 'b_trigger_s': 0.8820060726552897, 'vol_mult': 2.812798345760564, 'atr_mult': 2.758604800760081, 'sl_atr': 3.3, 'tp_atr': 3.4, 'max_bars_hold': 97}"
390,CAPITULATION,25.83,69.05,111.043,193.438,"{'strategy_type': 'CAPITULATION', 'b_lower': 0.018467239187178408, 'b_upper': 0.906177126624528, 'b_trigger_l': 0.17995885838752382, 'b_trigger_s': 0.8745068951073852, 'vol_mult': 2.818480805659079, 'atr_mult': 2.7468162070520767, 'sl_atr': 3.0, 'tp_atr': 3.4, 'max_bars_hold': 93}"
391,CAPITULATION,105.96,58.97,114.578,436.355,"{'strategy_type': 'CAPITULATION', 'b_lower': 0.016076602697673626, 'b_upper': 0.9020868514184712, 'b_trigger_l': 0.17452425254673462, 'b_trigger_s': 0.8820582409195636, 'vol_mult': 2.8017888167009164, 'atr_mult': 2.780780119714957, 'sl_atr': 3.7, 'tp_atr': 3.5, 'max_bars_hold': 96}"
392,CAPITULATION,25.72,64.58,0.325,81.943,"{'strategy_type': 'CAPITULATION', 'b_lower': 0.016949210704010894, 'b_upper': 0.9044199244144584, 'b_trigger_l': 0.17287150654777708, 'b_trigger_s': 0.8829925479428694, 'vol_mult': 2.9118096387195758, 'atr_mult': 2.7121674916053884, 'sl_atr': 3.7, 'tp_atr': 2.9, 'max_bars_hold': 95}"
393,CAPITULATION,25.97,67.7,0.902,83.582,"{'strategy_type': 'CAPITULATION', 'b_lower': 0.015747567910704873, 'b_upper': 0.9065226006864919, 'b_trigger_l': 0.17531646340691023, 'b_trigger_s': 0.8856181309268444, 'vol_mult': 2.8571548263984448, 'atr_mult': 2.7737105985436394, 'sl_atr': 3.8, 'tp_atr': 3.3, 'max_bars_hold': 93}"
395,CAPITULATION,92.74,60.31,99.822,382.073,"{'strategy_type': 'CAPITULATION', 'b_lower': 0.021516485657643625, 'b_upper': 0.9028329195374688, 'b_trigger_l': 0.17966391279392674, 'b_trigger_s': 0.8806189118272867, 'vol_mult': 2.800262057013314, 'atr_mult': 2.7367873956779056, 'sl_atr': 3.4, 'tp_atr': 3.1, 'max_bars_hold': 97}"
396,CAPITULATION,125.66,62.0,99.495,480.675,"{'strategy_type': 'CAPITULATION', 'b_lower': 0.021106851493594342, 'b_upper': 0.9022499391275999, 'b_trigger_l': 0.17778212333957694, 'b_trigger_s': 0.8799671840353801, 'vol_mult': 2.811274573337105, 'atr_mult': 2.703328797672622, 'sl_atr': 3.3, 'tp_atr': 3.1, 'max_bars_hold': 97}"
397,CAPITULATION,62.73,58.67,0.374,192.431,"{'strategy_type': 'CAPITULATION', 'b_lower': 0.021513802966960417, 'b_upper': 0.9020276405260541, 'b_trigger_l': 0.1782685504627542, 'b_trigger_s': 0.8812233732347806, 'vol_mult': 2.948315897848191, 'atr_mult': 2.7401128406079978, 'sl_atr': 3.4, 'tp_atr': 3.1, 'max_bars_hold': 97}"
398,CAPITULATION,103.41,60.27,80.962,417.219,"{'strategy_type': 'CAPITULATION', 'b_lower': 0.022856045465724326, 'b_upper': 0.9027539828162178, 'b_trigger_l': 0.17766006089780167, 'b_trigger_s': 0.8770461854898064, 'vol_mult': 2.81629468260803, 'atr_mult': 2.678978532837026, 'sl_atr': 3.2, 'tp_atr': 2.6, 'max_bars_hold': 97}"
400,CAPITULATION,112.35,59.42,88.39,429.382,"{'strategy_type': 'CAPITULATION', 'b_lower': 0.024751358516911143, 'b_upper': 0.9029125522688475, 'b_trigger_l': 0.17315613104668387, 'b_trigger_s': 0.8921177410224752, 'vol_mult': 2.833188128384001, 'atr_mult': 2.6958705516512924, 'sl_atr': 3.1, 'tp_atr': 2.8, 'max_bars_hold': 97}"
401,CAPITULATION,135.27,55.4,-0.192,416.158,"{'strategy_type': 'CAPITULATION', 'b_lower': 0.020281553743396227, 'b_upper': 0.9027798909784587, 'b_trigger_l': 0.17365815900370288, 'b_trigger_s': 0.8922254542485815, 'vol_mult': 2.8850629400761356, 'atr_mult': 2.587088653487279, 'sl_atr': 3.2, 'tp_atr': 2.7, 'max_bars_hold': 97}"
402,CAPITULATION,6.22,58.17,-0.345,22.132,"{'strategy_type': 'CAPITULATION', 'b_lower': 0.024424636613814433, 'b_upper': 0.9028243275622678, 'b_trigger_l': 0.17406122444574612, 'b_trigger_s': 0.8894682619419167, 'vol_mult': 2.8974027960208617, 'atr_mult': 2.6971793303388076, 'sl_atr': 3.3, 'tp_atr': 2.7, 'max_bars_hold': 98}"
403,CAPITULATION,118.48,55.83,-0.259,358.764,"{'strategy_type': 'CAPITULATION', 'b_lower': 0.02373338717850578, 'b_upper': 0.9048315693151491, 'b_trigger_l': 0.17191529024089688, 'b_trigger_s': 0.8951238414859348, 'vol_mult': 2.861696871693125, 'atr_mult': 2.5934948188696407, 'sl_atr': 3.1, 'tp_atr': 2.4, 'max_bars_hold': 97}"
404,CAPITULATION,118.68,56.94,-0.222,359.512,"{'strategy_type': 'CAPITULATION', 'b_lower': 0.026450813369675495, 'b_upper': 0.9048761962823846, 'b_trigger_l': 0.17117263755774598, 'b_trigger_s': 0.8962606161636003, 'vol_mult': 2.9202460515669406, 'atr_mult': 2.5921406105169558, 'sl_atr': 3.0, 'tp_atr': 2.4, 'max_bars_hold': 97}"
405,CAPITULATION,25.58,68.23,0.227,81.79,"{'strategy_type': 'CAPITULATION', 'b_lower': 0.029192158048876368, 'b_upper': 0.9043409055285279, 'b_trigger_l': 0.17028996131978696, 'b_trigger_s': 0.8960406535982217, 'vol_mult': 2.9310160872602937, 'atr_mult': 2.6352307627243965, 'sl_atr': 3.0, 'tp_atr': 2.2, 'max_bars_hold': 97}"
406,CAPITULATION,6.47,60.25,-0.234,23.201,"{'strategy_type': 'CAPITULATION', 'b_lower': 0.027479527238591886, 'b_upper': 0.9060165534381481, 'b_trigger_l': 0.17136375043181046, 'b_trigger_s': 0.8912053175949791, 'vol_mult': 2.975275702128757, 'atr_mult': 2.6694047878255307, 'sl_atr': 3.1, 'tp_atr': 2.8, 'max_bars_hold': 98}"
407,CAPITULATION,5.62,57.92,-0.142,20.51,"{'strategy_type': 'CAPITULATION', 'b_lower': 0.023918976498038105, 'b_upper': 0.9020137003612483, 'b_trigger_l': 0.16830568076500926, 'b_trigger_s': 0.8883975481786663, 'vol_mult': 2.8850743988578214, 'atr_mult': 2.680428357999753, 'sl_atr': 3.1, 'tp_atr': 2.5, 'max_bars_hold': 98}"
408,CAPITULATION,50.3,53.62,-0.115,154.147,"{'strategy_type': 'CAPITULATION', 'b_lower': 0.02678466611139828, 'b_upper': 0.9045247111615399, 'b_trigger_l': 0.16394592802911714, 'b_trigger_s': 0.9033836723294246, 'vol_mult': 2.946179797511565, 'atr_mult': 2.5808348985300307, 'sl_atr': 3.3, 'tp_atr': 2.4, 'max_bars_hold': 96}"
410,CAPITULATION,105.53,56.29,-0.145,320.074,"{'strategy_type': 'CAPITULATION', 'b_lower': 0.02275605204473236, 'b_upper': 0.9029143705127358, 'b_trigger_l': 0.1744237000953794, 'b_trigger_s': 0.895014409395417, 'vol_mult': 2.864293135049202, 'atr_mult': 2.6353979629246336, 'sl_atr': 3.5, 'tp_atr': 2.6, 'max_bars_hold': 96}"
411,CAPITULATION,146.6,55.58,0.111,443.469,"{'strategy_type': 'CAPITULATION', 'b_lower': 0.022580910020829553, 'b_upper': 0.9024270053494695, 'b_trigger_l': 0.1734024473820755, 'b_trigger_s': 0.8942790309319122, 'vol_mult': 2.8658501817046362, 'atr_mult': 2.533540601245746, 'sl_atr': 3.2, 'tp_atr': 2.9, 'max_bars_hold': 96}"
412,CAPITULATION,129.67,56.97,-0.026,392.681,"{'strategy_type': 'CAPITULATION', 'b_lower': 0.02301170952328424, 'b_upper': 0.9020749343318819, 'b_trigger_l': 0.17322720446635073, 'b_trigger_s': 0.8943522327882999, 'vol_mult': 2.9086389106534973, 'atr_mult': 2.5409939685425993, 'sl_atr': 3.2, 'tp_atr': 2.6, 'max_bars_hold': 96}"
413,CAPITULATION,129.64,55.83,-0.026,392.477,"{'strategy_type': 'CAPITULATION', 'b_lower': 0.02236223520554056, 'b_upper': 0.9019582801047735, 'b_trigger_l': 0.1736621235786786, 'b_trigger_s': 0.8930565710556271, 'vol_mult': 2.9103852588551877, 'atr_mult': 2.53202242970286, 'sl_atr': 3.2, 'tp_atr': 2.6, 'max_bars_hold': 96}"
414,CAPITULATION,141.13,57.62,0.255,427.407,"{'strategy_type': 'CAPITULATION', 'b_lower': 0.025229970640129995, 'b_upper': 0.9000804983302615, 'b_trigger_l': 0.17193517630380925, 'b_trigger_s': 0.8918492902649027, 'vol_mult': 2.922296662820508, 'atr_mult': 2.5470451361537236, 'sl_atr': 3.1, 'tp_atr': 2.8, 'max_bars_hold': 96}"
415,CAPITULATION,25.39,62.16,0.238,80.624,"{'strategy_type': 'CAPITULATION', 'b_lower': 0.02502775935282404, 'b_upper': 0.9002208133855643, 'b_trigger_l': 0.1716714025334831, 'b_trigger_s': 0.8915876527651406, 'vol_mult': 2.986626887013027, 'atr_mult': 2.534312961805325, 'sl_atr': 3.2, 'tp_atr': 2.7, 'max_bars_hold': 95}"
416,CAPITULATION,118.66,58.73,-0.229,359.624,"{'strategy_type': 'CAPITULATION', 'b_lower': 0.022380712375036763, 'b_upper': 0.9019062983178529, 'b_trigger_l': 0.1688258380542577, 'b_trigger_s': 0.8936443341496279, 'vol_mult': 2.952695880793471, 'atr_mult': 2.5721912118773953, 'sl_atr': 3.2, 'tp_atr': 2.4, 'max_bars_hold': 96}"
417,CAPITULATION,25.24,59.34,0.176,79.83,"{'strategy_type': 'CAPITULATION', 'b_lower': 0.02105914547622374, 'b_upper': 0.9018233334265955, 'b_trigger_l': 0.16718540199521648, 'b_trigger_s': 0.8979011838108899, 'vol_mult': 2.9988863564164507, 'atr_mult': 2.53029454266524, 'sl_atr': 3.2, 'tp_atr': 2.9, 'max_bars_hold': 95}"
418,CAPITULATION,141.64,56.23,0.037,428.58,"{'strategy_type': 'CAPITULATION', 'b_lower': 0.019868479521759293, 'b_upper': 0.9022694595374331, 'b_trigger_l': 0.17538918853405766, 'b_trigger_s': 0.8924859562334052, 'vol_mult': 2.948156416993721, 'atr_mult': 2.58412616902951, 'sl_atr': 2.9, 'tp_atr': 2.8, 'max_bars_hold': 96}"
419,CAPITULATION,25.21,58.8,0.438,79.948,"{'strategy_type': 'CAPITULATION', 'b_lower': 0.019924420665954692, 'b_upper': 0.9001906518945006, 'b_trigger_l': 0.17556125278533882, 'b_trigger_s': 0.8880180494067527, 'vol_mult': 2.9674968751077144, 'atr_mult': 2.4907129465530367, 'sl_atr': 3.4, 'tp_atr': 2.8, 'max_bars_hold': 95}"
420,CAPITULATION,130.35,57.17,-0.053,394.714,"{'strategy_type': 'CAPITULATION', 'b_lower': 0.019444482016906288, 'b_upper': 0.902166322258048, 'b_trigger_l': 0.17507836906916452, 'b_trigger_s': 0.8923532768635665, 'vol_mult': 2.942459232004251, 'atr_mult': 2.5657333220463965, 'sl_atr': 2.9, 'tp_atr': 2.6, 'max_bars_hold': 96}"
422,CAPITULATION,135.88,54.27,-0.262,417.805,"{'strategy_type': 'CAPITULATION', 'b_lower': 0.019085448323084665, 'b_upper': 0.9028404218988558, 'b_trigger_l': 0.17624009099700255, 'b_trigger_s': 0.8783421227029415, 'vol_mult': 2.9192206834134513, 'atr_mult': 2.55283001930566, 'sl_atr': 2.8, 'tp_atr': 2.7, 'max_bars_hold': 97}"
423,CAPITULATION,25.12,54.52,0.224,79.036,"{'strategy_type': 'CAPITULATION', 'b_lower': 0.019071020750010097, 'b_upper': 0.9019534628541225, 'b_trigger_l': 0.17566550266902123, 'b_trigger_s': 0.8777795889034928, 'vol_mult': 2.9424736568869765, 'atr_mult': 2.410237340940887, 'sl_atr': 2.8, 'tp_atr': 2.6, 'max_bars_hold': 95}"
424,CAPITULATION,9.5,56.97,0.069,32.266,"{'strategy_type': 'CAPITULATION', 'b_lower': 0.01904697847211611, 'b_upper': 0.9028406495271356, 'b_trigger_l': 0.17453689231614347, 'b_trigger_s': 0.8833858830606125, 'vol_mult': 2.9105675277228507, 'atr_mult': 2.548764012131589, 'sl_atr': 3.0, 'tp_atr': 2.7, 'max_bars_hold': 98}"
425,CAPITULATION,171.97,53.89,0.587,519.886,"{'strategy_type': 'CAPITULATION', 'b_lower': 0.01990843823285365, 'b_upper': 0.9002259133020678, 'b_trigger_l': 0.1775894493671985, 'b_trigger_s': 0.8903005348501606, 'vol_mult': 2.9190829699851983, 'atr_mult': 2.4738297649075354, 'sl_atr': 2.7, 'tp_atr': 2.8, 'max_bars_hold': 96}"
426,CAPITULATION,49.4,54.97,0.699,152.396,"{'strategy_type': 'CAPITULATION', 'b_lower': 0.01993267892226019, 'b_upper': 0.9005822942480345, 'b_trigger_l': 0.1773309623936241, 'b_trigger_s': 0.887082968984052, 'vol_mult': 2.944926155905429, 'atr_mult': 2.4932614746037403, 'sl_atr': 2.6, 'tp_atr': 2.9, 'max_bars_hold': 94}"
427,CAPITULATION,9.93,55.73,0.118,33.481,"{'strategy_type': 'CAPITULATION', 'b_lower': 0.018168096913496544, 'b_upper': 0.903359493439695, 'b_trigger_l': 0.17849796232242407, 'b_trigger_s': 0.8903003776604054, 'vol_mult': 2.902380218301335, 'atr_mult': 2.596972027807001, 'sl_atr': 2.6, 'tp_atr': 2.8, 'max_bars_hold': 98}"
429,CAPITULATION,11.25,51.61,0.146,37.057,"{'strategy_type': 'CAPITULATION', 'b_lower': 0.01763649485456244, 'b_upper': 0.9038247091246527, 'b_trigger_l': 0.17663638411968294, 'b_trigger_s': 0.876091547720792, 'vol_mult': 2.890432492406464, 'atr_mult': 2.4450595783261466, 'sl_atr': 2.8, 'tp_atr': 2.7, 'max_bars_hold': 98}"
430,CAPITULATION,25.56,62.38,0.426,81.344,"{'strategy_type': 'CAPITULATION', 'b_lower': 0.02005593659639662, 'b_upper': 0.9003802625868363, 'b_trigger_l': 0.17418997736736197, 'b_trigger_s': 0.8823482918394377, 'vol_mult': 2.959512702859528, 'atr_mult': 2.6246494111588152, 'sl_atr': 2.9, 'tp_atr': 2.5, 'max_bars_hold': 95}"
431,CAPITULATION,42.37,57.04,0.634,131.448,"{'strategy_type': 'CAPITULATION', 'b_lower': 0.016708361023539835, 'b_upper': 0.9002664435421377, 'b_trigger_l': 0.17713546256271945, 'b_trigger_s': 0.8863386140152568, 'vol_mult': 2.8878435681751973, 'atr_mult': 2.6124518917762956, 'sl_atr': 2.7, 'tp_atr': 3.0, 'max_bars_hold': 94}"
432,CAPITULATION,11.66,54.02,0.409,38.791,"{'strategy_type': 'CAPITULATION', 'b_lower': 0.023963281191867823, 'b_upper': 0.9038694915200074, 'b_trigger_l': 0.17078958936502522, 'b_trigger_s': 0.9011489378179153, 'vol_mult': 2.927440726494545, 'atr_mult': 2.507149199963106, 'sl_atr': 3.8, 'tp_atr': 2.8, 'max_bars_hold': 99}"
433,CAPITULATION,135.6,56.94,-0.072,410.422,"{'strategy_type': 'CAPITULATION', 'b_lower': 0.020448620791884684, 'b_upper': 0.9017830498854654, 'b_trigger_l': 0.1794307656034867, 'b_trigger_s': 0.8920651631544739, 'vol_mult': 2.8561611091015244, 'atr_mult': 2.564956825797256, 'sl_atr': 3.0, 'tp_atr': 2.7, 'max_bars_hold': 96}"
434,CAPITULATION,152.64,56.56,-0.047,461.529,"{'strategy_type': 'CAPITULATION', 'b_lower': 0.0193115929025137, 'b_upper': 0.9000554806450448, 'b_trigger_l': 0.18047983987362376, 'b_trigger_s': 0.8774737726322137, 'vol_mult': 2.8646858306552883, 'atr_mult': 2.5593730146605216, 'sl_atr': 3.0, 'tp_atr': 3.0, 'max_bars_hold': 97}"
435,CAPITULATION,15.91,54.26,0.441,51.597,"{'strategy_type': 'CAPITULATION', 'b_lower': 0.015450165979969364, 'b_upper': 0.9000337054622456, 'b_trigger_l': 0.1789817348145517, 'b_trigger_s': 0.8762417795199055, 'vol_mult': 2.849935071984124, 'atr_mult': 2.4661404249350705, 'sl_atr': 3.0, 'tp_atr': 3.0, 'max_bars_hold': 100}"
437,CAPITULATION,95.1,60.53,0.212,289.565,"{'strategy_type': 'CAPITULATION', 'b_lower': 0.017907251999954642, 'b_upper': 0.9044448726710237, 'b_trigger_l': 0.1808455062300464, 'b_trigger_s': 0.884008553899538, 'vol_mult': 2.8659278627269007, 'atr_mult': 2.698347170873948, 'sl_atr': 3.7, 'tp_atr': 3.1, 'max_bars_hold': 97}"
438,CAPITULATION,34.34,62.88,0.491,107.799,"{'strategy_type': 'CAPITULATION', 'b_lower': 0.020862287653428187, 'b_upper': 0.9000616494116328, 'b_trigger_l': 0.1794148338896431, 'b_trigger_s': 0.8799558600081728, 'vol_mult': 2.8451508871184195, 'atr_mult': 2.6577851480286743, 'sl_atr': 3.3, 'tp_atr': 3.0, 'max_bars_hold': 94}"
439,CAPITULATION,7.63,60.75,-0.037,26.928,"{'strategy_type': 'CAPITULATION', 'b_lower': 0.015322698114174724, 'b_upper': 0.9066483976043558, 'b_trigger_l': 0.17812035128368664, 'b_trigger_s': 0.8720704457920779, 'vol_mult': 2.8680008510441697, 'atr_mult': 2.671186631092168, 'sl_atr': 2.7, 'tp_atr': 2.7, 'max_bars_hold': 99}"
440,CAPITULATION,167.58,57.13,88.288,594.741,"{'strategy_type': 'CAPITULATION', 'b_lower': 0.01795553875508613, 'b_upper': 0.9032358205840902, 'b_trigger_l': 0.18189284335619577, 'b_trigger_s': 0.8797857915907842, 'vol_mult': 2.8353534295585368, 'atr_mult': 2.5943942660639654, 'sl_atr': 4.0, 'tp_atr': 2.8, 'max_bars_hold': 97}"
441,CAPITULATION,12.22,58.42,-0.133,40.369,"{'strategy_type': 'CAPITULATION', 'b_lower': 0.017629324773274592, 'b_upper': 0.9036953570107016, 'b_trigger_l': 0.1818654169014921, 'b_trigger_s': 0.8790066941512837, 'vol_mult': 2.8840046081705224, 'atr_mult': 2.606218913447233, 'sl_atr': 3.8, 'tp_atr': 2.8, 'max_bars_hold': 100}"
442,CAPITULATION,1.3,53.59,102.988,110.247,"{'strategy_type': 'CAPITULATION', 'b_lower': 0.014640275498006786, 'b_upper': 0.9054623228953456, 'b_trigger_l': 0.17677894826617763, 'b_trigger_s': 0.8765486123250741, 'vol_mult': 2.83539416178557, 'atr_mult': 2.6480598611709527, 'sl_atr': 4.1, 'tp_atr': 3.2, 'max_bars_hold': 97}"
443,CAPITULATION,6.83,61.16,95.927,120.533,"{'strategy_type': 'CAPITULATION', 'b_lower': 0.016827555545469164, 'b_upper': 0.9034830059131733, 'b_trigger_l': 0.18137025372260956, 'b_trigger_s': 0.8820482569102248, 'vol_mult': 2.8293672297689114, 'atr_mult': 2.7156156409745558, 'sl_atr': 3.5, 'tp_atr': 3.0, 'max_bars_hold': 98}"
444,CAPITULATION,23.26,62.8,88.698,184.758,"{'strategy_type': 'CAPITULATION', 'b_lower': 0.018790292100558298, 'b_upper': 0.906889747200172, 'b_trigger_l': 0.18141184157497098, 'b_trigger_s': 0.873618142273612, 'vol_mult': 2.8311448788356093, 'atr_mult': 2.743037570782119, 'sl_atr': 3.6, 'tp_atr': 2.8, 'max_bars_hold': 94}"
445,CAPITULATION,62.84,57.58,0.476,192.754,"{'strategy_type': 'CAPITULATION', 'b_lower': 0.021843578478497848, 'b_upper': 0.9018548118928024, 'b_trigger_l': 0.17690785445204124, 'b_trigger_s': 0.8846678935581871, 'vol_mult': 2.899196896405391, 'atr_mult': 2.791540388363474, 'sl_atr': 3.9, 'tp_atr': 3.1, 'max_bars_hold': 97}"
446,CAPITULATION,40.22,59.29,0.369,124.958,"{'strategy_type': 'CAPITULATION', 'b_lower': 0.016096322324080134, 'b_upper': 0.9048168470479483, 'b_trigger_l': 0.17306629406682442, 'b_trigger_s': 0.8788215625034447, 'vol_mult': 2.8750684431454423, 'atr_mult': 2.61745758119306, 'sl_atr': 4.0, 'tp_atr': 2.9, 'max_bars_hold': 94}"
448,CAPITULATION,25.71,68.45,77.846,159.821,"{'strategy_type': 'CAPITULATION', 'b_lower': 0.01919215357327569, 'b_upper': 0.9019926449160989, 'b_trigger_l': 0.18256663339512463, 'b_trigger_s': 0.8708437695346939, 'vol_mult': 2.8260898982251548, 'atr_mult': 2.767405222261452, 'sl_atr': 3.7, 'tp_atr': 2.5, 'max_bars_hold': 93}"
449,CAPITULATION,140.67,56.39,0.14,425.789,"{'strategy_type': 'CAPITULATION', 'b_lower': 0.02588247534740804, 'b_upper': 0.9000355924704143, 'b_trigger_l': 0.16826731473911577, 'b_trigger_s': 0.8886212191217882, 'vol_mult': 2.9240774219976005, 'atr_mult': 2.555383043294335, 'sl_atr': 3.4, 'tp_atr': 2.8, 'max_bars_hold': 96}"
450,CAPITULATION,25.16,57.36,-0.045,79.171,"{'strategy_type': 'CAPITULATION', 'b_lower': 0.0294812577978746, 'b_upper': 0.9000025276626282, 'b_trigger_l': 0.16925856966706704, 'b_trigger_s': 0.8756603909231718, 'vol_mult': 2.9699348069187996, 'atr_mult': 2.5041705573523507, 'sl_atr': 3.5, 'tp_atr': 2.9, 'max_bars_hold': 95}"
451,CAPITULATION,1.44,55.31,0.348,8.199,"{'strategy_type': 'CAPITULATION', 'b_lower': 0.02653682685674738, 'b_upper': 0.9038257584718503, 'b_trigger_l': 0.1792051048201259, 'b_trigger_s': 0.8887113756010966, 'vol_mult': 2.931060684693133, 'atr_mult': 2.5515322260471613, 'sl_atr': 3.7, 'tp_atr': 3.2, 'max_bars_hold': 96}"
453,CAPITULATION,18.38,54.56,96.212,154.808,"{'strategy_type': 'CAPITULATION', 'b_lower': 0.02559648734857505, 'b_upper': 0.9000080657201376, 'b_trigger_l': 0.16683645483221912, 'b_trigger_s': 0.8819458338603285, 'vol_mult': 2.811150573967246, 'atr_mult': 2.422518167063426, 'sl_atr': 3.6, 'tp_atr': 3.0, 'max_bars_hold': 100}"
454,CAPITULATION,25.84,73.25,0.136,82.981,"{'strategy_type': 'CAPITULATION', 'b_lower': 0.013724563706188799, 'b_upper': 0.9067309862794258, 'b_trigger_l': 0.18305037146840444, 'b_trigger_s': 0.8695975143243224, 'vol_mult': 2.9934373495538984, 'atr_mult': 2.6936983001473456, 'sl_atr': 3.3, 'tp_atr': 2.2, 'max_bars_hold': 98}"
455,CAPITULATION,25.59,64.13,0.409,81.592,"{'strategy_type': 'CAPITULATION', 'b_lower': 0.024163776270954094, 'b_upper': 0.902049094410261, 'b_trigger_l': 0.1765180195562451, 'b_trigger_s': 0.8854693458019814, 'vol_mult': 2.9109666380286283, 'atr_mult': 2.783921854534969, 'sl_atr': 3.5, 'tp_atr': 2.8, 'max_bars_hold': 95}"
456,CAPITULATION,67.22,58.23,-0.054,205.429,"{'strategy_type': 'CAPITULATION', 'b_lower': 0.017210311853668284, 'b_upper': 0.9053005647620228, 'b_trigger_l': 0.18001919545940548, 'b_trigger_s': 0.8770284291250746, 'vol_mult': 2.8497100725739797, 'atr_mult': 2.716203996888627, 'sl_atr': 2.8, 'tp_atr': 3.3, 'max_bars_hold': 97}"
457,CAPITULATION,0.97,54.27,22.882,29.219,"{'strategy_type': 'CAPITULATION', 'b_lower': 0.014917393394185031, 'b_upper': 0.9016972811323599, 'b_trigger_l': 0.18331958950715518, 'b_trigger_s': 0.8878397939409577, 'vol_mult': 1.9623246557875293, 'atr_mult': 2.477762327501981, 'sl_atr': 3.8, 'tp_atr': 2.9, 'max_bars_hold': 95}"
459,CAPITULATION,1.52,57.12,20.175,28.447,"{'strategy_type': 'CAPITULATION', 'b_lower': 0.022384361069968543, 'b_upper': 0.9037156943375567, 'b_trigger_l': 0.1375235287131486, 'b_trigger_s': 0.8794893263180884, 'vol_mult': 1.7221096740220003, 'atr_mult': 2.8150425309843903, 'sl_atr': 3.4, 'tp_atr': 2.6, 'max_bars_hold': 98}"
460,CAPITULATION,102.51,58.03,110.462,421.795,"{'strategy_type': 'CAPITULATION', 'b_lower': 0.028220002722808415, 'b_upper': 0.9071403109411998, 'b_trigger_l': 0.17745521335616313, 'b_trigger_s': 0.8723948310670737, 'vol_mult': 2.808508146885307, 'atr_mult': 2.7666453629468437, 'sl_atr': 4.1, 'tp_atr': 3.4, 'max_bars_hold': 96}"
461,CAPITULATION,25.86,63.09,0.427,82.316,"{'strategy_type': 'CAPITULATION', 'b_lower': 0.02829110582896622, 'b_upper': 0.9078492397302332, 'b_trigger_l': 0.17237948499963315, 'b_trigger_s': 0.8650230467666907, 'vol_mult': 2.865116598367738, 'atr_mult': 2.75697235561345, 'sl_atr': 4.0, 'tp_atr': 3.4, 'max_bars_hold': 95}"
462,CAPITULATION,25.93,68.76,114.346,197.012,"{'strategy_type': 'CAPITULATION', 'b_lower': 0.018516739791837322, 'b_upper': 0.9061978829286876, 'b_trigger_l': 0.18135525481124307, 'b_trigger_s': 0.8733157864528971, 'vol_mult': 2.799529186982205, 'atr_mult': 2.812331261269768, 'sl_atr': 4.2, 'tp_atr': 3.5, 'max_bars_hold': 93}"
463,CAPITULATION,6.72,59.96,0.558,24.714,"{'strategy_type': 'CAPITULATION', 'b_lower': 0.013898891125034217, 'b_upper': 0.9001292033890219, 'b_trigger_l': 0.17563209495741142, 'b_trigger_s': 0.8677723742594285, 'vol_mult': 2.9337479385789424, 'atr_mult': 2.764468515654665, 'sl_atr': 3.9, 'tp_atr': 3.2, 'max_bars_hold': 100}"
464,CAPITULATION,1.57,46.13,0.302,7.625,"{'strategy_type': 'CAPITULATION', 'b_lower': 0.01640618638332764, 'b_upper': 0.9044691877303107, 'b_trigger_l': 0.1619622633500685, 'b_trigger_s': 0.8621983632588609, 'vol_mult': 2.842408481313485, 'atr_mult': 2.5242860222424577, 'sl_atr': 2.7, 'tp_atr': 3.4, 'max_bars_hold': 96}"
465,CAPITULATION,5.48,56.67,0.322,42.429,"{'strategy_type': 'CAPITULATION', 'b_lower': 0.020906347386301344, 'b_upper': 0.9073630001419958, 'b_trigger_l': 0.17000367636214364, 'b_trigger_s': 0.8713142821917599, 'vol_mult': 2.8995979151960567, 'atr_mult': 2.798085198233891, 'sl_atr': 2.5, 'tp_atr': 3.3, 'max_bars_hold': 98}"
466,CAPITULATION,29.65,59.89,114.672,207.611,"{'strategy_type': 'CAPITULATION', 'b_lower': 0.03157779472159788, 'b_upper': 0.9018070501422883, 'b_trigger_l': 0.18389983508849148, 'b_trigger_s': 0.8813166447503218, 'vol_mult': 2.7883475816388335, 'atr_mult': 2.81388239876817, 'sl_atr': 3.8, 'tp_atr': 3.5, 'max_bars_hold': 94}"
467,CAPITULATION,181.93,58.27,95.784,645.401,"{'strategy_type': 'CAPITULATION', 'b_lower': 0.025716606945962405, 'b_upper': 0.9000487336620085, 'b_trigger_l': 0.1795050624801266, 'b_trigger_s': 0.8838130149621276, 'vol_mult': 2.8398948882823296, 'atr_mult': 2.5755994164628446, 'sl_atr': 3.6, 'tp_atr': 3.0, 'max_bars_hold': 97}"
468,CAPITULATION,25.31,62.4,96.096,176.266,"{'strategy_type': 'CAPITULATION', 'b_lower': 0.026266154952794767, 'b_upper': 0.9014928817658735, 'b_trigger_l': 0.18046474541580007, 'b_trigger_s': 0.884950384471089, 'vol_mult': 2.8308076325306217, 'atr_mult': 2.6289320951223947, 'sl_atr': 3.6, 'tp_atr': 3.0, 'max_bars_hold': 95}"
469,CAPITULATION,0.73,47.5,1.93,6.87,"{'strategy_type': 'CAPITULATION', 'b_lower': 0.025147437642440783, 'b_upper': 0.9047526067291681, 'b_trigger_l': 0.1837771943530234, 'b_trigger_s': 0.889879899559921, 'vol_mult': 2.7917575869130693, 'atr_mult': 2.173332486472301, 'sl_atr': 4.1, 'tp_atr': 3.2, 'max_bars_hold': 99}"
470,CAPITULATION,25.97,69.5,0.74,105.6,"{'strategy_type': 'CAPITULATION', 'b_lower': 0.02498277042742109, 'b_upper': 0.9016130125835979, 'b_trigger_l': 0.17911738343412076, 'b_trigger_s': 0.886522476009596, 'vol_mult': 2.8633107947919196, 'atr_mult': 2.729696808247472, 'sl_atr': 3.7, 'tp_atr': 3.1, 'max_bars_hold': 93}"
471,CAPITULATION,102.65,60.64,110.976,422.99,"{'strategy_type': 'CAPITULATION', 'b_lower': 0.030931699731465742, 'b_upper': 0.9000815829480439, 'b_trigger_l': 0.18237442897369108, 'b_trigger_s': 0.882445322078255, 'vol_mult': 2.8290405006445942, 'atr_mult': 2.832952938136587, 'sl_atr': 3.6, 'tp_atr': 3.4, 'max_bars_hold': 96}"
473,CAPITULATION,0.72,44.61,0.443,5.064,"{'strategy_type': 'CAPITULATION', 'b_lower': 0.02777187569408296, 'b_upper': 0.9037809758135666, 'b_trigger_l': 0.18120639419318854, 'b_trigger_s': 0.8835246029774897, 'vol_mult': 2.8352549602372483, 'atr_mult': 1.917761314352811, 'sl_atr': 3.6, 'tp_atr': 2.9, 'max_bars_hold': 11}"
474,CAPITULATION,6.47,59.45,0.686,24.041,"{'strategy_type': 'CAPITULATION', 'b_lower': 0.03137508419617338, 'b_upper': 0.9002850033902529, 'b_trigger_l': 0.17830082076594647, 'b_trigger_s': 0.8827353221040392, 'vol_mult': 2.876376141292242, 'atr_mult': 2.7752256638310047, 'sl_atr': 3.4, 'tp_atr': 3.2, 'max_bars_hold': 100}"
475,CAPITULATION,1.43,53.87,106.804,114.481,"{'strategy_type': 'CAPITULATION', 'b_lower': 0.028441458077808797, 'b_upper': 0.9003043829334474, 'b_trigger_l': 0.17450893191693342, 'b_trigger_s': 0.8875528739910649, 'vol_mult': 2.8228751340492804, 'atr_mult': 2.586493466886382, 'sl_atr': 3.9, 'tp_atr': 3.3, 'max_bars_hold': 98}"
477,CAPITULATION,58.39,58.81,0.474,179.525,"{'strategy_type': 'CAPITULATION', 'b_lower': 0.03304407790721556, 'b_upper': 0.9050442504051353, 'b_trigger_l': 0.1819806435007719, 'b_trigger_s': 0.8894668485435574, 'vol_mult': 2.8668449706672487, 'atr_mult': 2.836948499799147, 'sl_atr': 3.7, 'tp_atr': 2.9, 'max_bars_hold': 96}"
478,CAPITULATION,0.62,46.74,1.706,6.24,"{'strategy_type': 'CAPITULATION', 'b_lower': 0.021486330335805718, 'b_upper': 0.9076638180572216, 'b_trigger_l': 0.18352829945668644, 'b_trigger_s': 0.8796643808117586, 'vol_mult': 2.7862744148646548, 'atr_mult': 2.2398106304596497, 'sl_atr': 3.7, 'tp_atr': 3.0, 'max_bars_hold': 92}"
479,CAPITULATION,5.47,56.44,0.404,20.458,"{'strategy_type': 'CAPITULATION', 'b_lower': 0.024154054055445764, 'b_upper': 0.9002110973461842, 'b_trigger_l': 0.17705980859534678, 'b_trigger_s': 0.8747502484765216, 'vol_mult': 2.9013769764304085, 'atr_mult': 2.750922382581663, 'sl_atr': 3.3, 'tp_atr': 3.4, 'max_bars_hold': 98}"
480,CAPITULATION,27.1,62.09,103.68,189.189,"{'strategy_type': 'CAPITULATION', 'b_lower': 0.01723023715790985, 'b_upper': 0.9033516373978963, 'b_trigger_l': 0.17173587546291358, 'b_trigger_s': 0.8855972593692064, 'vol_mult': 2.827120224061393, 'atr_mult': 2.7897891573121965, 'sl_atr': 3.5, 'tp_atr': 3.2, 'max_bars_hold': 94}"
481,CAPITULATION,2.34,61.61,0.322,11.503,"{'strategy_type': 'CAPITULATION', 'b_lower': 0.02307386375998058, 'b_upper': 0.9000077985111484, 'b_trigger_l': 0.1025174292429952, 'b_trigger_s': 0.8696687650055384, 'vol_mult': 2.9559001018969364, 'atr_mult': 2.72437320741872, 'sl_atr': 4.0, 'tp_atr': 2.8, 'max_bars_hold': 97}"
482,CAPITULATION,1.4,54.81,0.226,7.907,"{'strategy_type': 'CAPITULATION', 'b_lower': 0.019983221731852435, 'b_upper': 0.9055982685660025, 'b_trigger_l': 0.17993414786085915, 'b_trigger_s': 0.8986261860299135, 'vol_mult': 2.857881860414013, 'atr_mult': 2.6643041202751405, 'sl_atr': 3.8, 'tp_atr': 3.6, 'max_bars_hold': 99}"
484,CAPITULATION,1.49,50.72,110.616,118.158,"{'strategy_type': 'CAPITULATION', 'b_lower': 0.031010386344607562, 'b_upper': 0.9032247020095552, 'b_trigger_l': 0.17470949292661345, 'b_trigger_s': 0.8822933327140983, 'vol_mult': 2.786169240846486, 'atr_mult': 2.51920207862234, 'sl_atr': 3.6, 'tp_atr': 3.4, 'max_bars_hold': 96}"
485,CAPITULATION,25.28,62.6,-0.082,80.018,"{'strategy_type': 'CAPITULATION', 'b_lower': 0.026330645197595794, 'b_upper': 0.9022091404913806, 'b_trigger_l': 0.18357922333145252, 'b_trigger_s': 0.8734907480916945, 'vol_mult': 2.8886982303400472, 'atr_mult': 2.568035634156928, 'sl_atr': 3.0, 'tp_atr': 3.0, 'max_bars_hold': 92}"
486,CAPITULATION,6.62,59.59,0.582,24.401,"{'strategy_type': 'CAPITULATION', 'b_lower': 0.01565407005701878, 'b_upper': 0.905996804048959, 'b_trigger_l': 0.178604167539575, 'b_trigger_s': 0.8904185377428202, 'vol_mult': 2.998191771979931, 'atr_mult': 2.8503375921532315, 'sl_atr': 3.9, 'tp_atr': 3.3, 'max_bars_hold': 100}"
487,CAPITULATION,0.85,50.59,0.664,6.273,"{'strategy_type': 'CAPITULATION', 'b_lower': 0.01780481742455522, 'b_upper': 0.903557726026704, 'b_trigger_l': 0.16638220865367342, 'b_trigger_s': 0.8781575092984708, 'vol_mult': 1.3038225861692976, 'atr_mult': 2.6228398874553127, 'sl_atr': 3.5, 'tp_atr': 2.8, 'max_bars_hold': 97}"
488,CAPITULATION,31.06,64.47,118.409,216.036,"{'strategy_type': 'CAPITULATION', 'b_lower': 0.021804434932186482, 'b_upper': 0.9000516407638952, 'b_trigger_l': 0.18430294614595596, 'b_trigger_s': 0.8808869995854329, 'vol_mult': 2.8183526610723946, 'atr_mult': 2.807965192454299, 'sl_atr': 4.2, 'tp_atr': 3.6, 'max_bars_hold': 94}"
489,CAPITULATION,1.37,52.74,0.322,7.706,"{'strategy_type': 'CAPITULATION', 'b_lower': 0.03383400162114174, 'b_upper': 0.9078352461114906, 'b_trigger_l': 0.1696153546592876, 'b_trigger_s': 0.8602281566052147, 'vol_mult': 2.9283758774931794, 'atr_mult': 2.452987176714707, 'sl_atr': 3.3, 'tp_atr': 3.5, 'max_bars_hold': 98}"
490,CAPITULATION,49.54,58.72,0.16,152.652,"{'strategy_type': 'CAPITULATION', 'b_lower': 0.018702589328240683, 'b_upper': 0.9023476850971546, 'b_trigger_l': 0.11534595272581934, 'b_trigger_s': 0.8676946097870173, 'vol_mult': 2.842488350748117, 'atr_mult': 2.7665065373930786, 'sl_atr': 3.4, 'tp_atr': 3.0, 'max_bars_hold': 96}"
491,CAPITULATION,2.21,64.99,103.985,115.114,"{'strategy_type': 'CAPITULATION', 'b_lower': 0.01537713946003712, 'b_upper': 0.905132732785735, 'b_trigger_l': 0.17625488532627645, 'b_trigger_s': 0.875413672552814, 'vol_mult': 2.152416365374391, 'atr_mult': 2.697810626573696, 'sl_atr': 3.7, 'tp_atr': 3.2, 'max_bars_hold': 93}"
492,CAPITULATION,8.82,58.03,107.377,137.64,"{'strategy_type': 'CAPITULATION', 'b_lower': 0.012934208637889924, 'b_upper': 0.9330678153342633, 'b_trigger_l': 0.1810295356493185, 'b_trigger_s': 0.8845078387557492, 'vol_mult': 2.7757681045003255, 'atr_mult': 2.8247589800415263, 'sl_atr': 3.0, 'tp_atr': 3.3, 'max_bars_hold': 99}"
493,CAPITULATION,25.25,60.38,-0.031,79.757,"{'strategy_type': 'CAPITULATION', 'b_lower': 0.025476076678222208, 'b_upper': 0.9019189543602097, 'b_trigger_l': 0.17211740367111777, 'b_trigger_s': 0.8870427118984493, 'vol_mult': 2.8793187952692207, 'atr_mult': 2.5556230015248693, 'sl_atr': 3.1, 'tp_atr': 2.8, 'max_bars_hold': 95}"
494,CAPITULATION,1.73,52.8,118.118,126.588,"{'strategy_type': 'CAPITULATION', 'b_lower': 0.03590451836685277, 'b_upper': 0.9001045908852034, 'b_trigger_l': 0.18542783432395038, 'b_trigger_s': 0.8716938672901278, 'vol_mult': 2.808921597260616, 'atr_mult': 2.4895184444698657, 'sl_atr': 3.8, 'tp_atr': 3.6, 'max_bars_hold': 97}"
495,CAPITULATION,25.72,65.42,0.511,82.213,"{'strategy_type': 'CAPITULATION', 'b_lower': 0.02032081994996936, 'b_upper': 0.9035739527916375, 'b_trigger_l': 0.1790879355422624, 'b_trigger_s': 0.8950291041806715, 'vol_mult': 2.8491981591042053, 'atr_mult': 2.857158292889577, 'sl_atr': 3.4, 'tp_atr': 3.1, 'max_bars_hold': 95}"
496,CAPITULATION,7.6,56.55,110.541,136.996,"{'strategy_type': 'CAPITULATION', 'b_lower': 0.02805418210138139, 'b_upper': 0.9057590123533429, 'b_trigger_l': 0.17576369346511847, 'b_trigger_s': 0.8911148064094568, 'vol_mult': 2.7777852059185526, 'atr_mult': 2.738721212705921, 'sl_atr': 3.6, 'tp_atr': 3.4, 'max_bars_hold': 98}"
498,CAPITULATION,1.64,52.48,0.357,8.525,"{'strategy_type': 'CAPITULATION', 'b_lower': 0.01692736666653441, 'b_upper': 0.9022776492566807, 'b_trigger_l': 0.18199198943764852, 'b_trigger_s': 0.8800234738365487, 'vol_mult': 2.912116644324512, 'atr_mult': 2.3626935866747956, 'sl_atr': 4.0, 'tp_atr': 2.5, 'max_bars_hold': 100}"
499,CAPITULATION,109.2,60.31,117.846,449.477,"{'strategy_type': 'CAPITULATION', 'b_lower': 0.04432697720702744, 'b_upper': 0.9040301181620746, 'b_trigger_l': 0.1849518112184136, 'b_trigger_s': 0.8759123604075155, 'vol_mult': 2.8190329278455493, 'atr_mult': 2.7831738386893385, 'sl_atr': 3.6, 'tp_atr': 3.6, 'max_bars_hold': 97}"
